Date,Store_ID,Product,Quantity,Unit_Price,Total_Sale
2023-01-01,9,Desk Calendar,14,34.88,488.3
2023-01-01,12,File Folders,31,23.72,735.23
2023-01-02,13,Desk Calendar,42,17.52,735.93
2023-01-02,11,Ballpoint Pens,39,86.27,3364.5
2023-01-03,6,Desk Lamp,43,25.38,1091.45
2023-01-03,3,Whiteboard,14,96.05,1344.68
2023-01-03,10,USB Drive,10,46.29,462.86
2023-01-03,5,Ballpoint Pens,27,54.06,1459.68
2023-01-03,3,File Folders,14,55.58,778.06
2023-01-03,15,Office Chair,1,28.01,28.01
2023-01-04,3,Whiteboard,28,61.34,1717.66
2023-01-05,15,Notebooks,43,20.49,881.04
2023-01-05,12,Office Chair,18,96.32,1733.75
2023-01-06,6,Notebooks,18,87.83,1580.9
2023-01-06,14,File Folders,30,76.33,2290.02
2023-01-06,5,Scissors,46,74.34,3419.71
2023-01-06,15,Whiteboard,3,31.01,93.04
2023-01-06,12,Printer Paper,43,9.76,419.6
2023-01-06,7,Highlighters,5,41.49,207.45
2023-01-06,8,Ballpoint Pens,42,26.51,1113.55
2023-01-09,2,Desk Lamp,6,51.23,307.38
2023-01-09,14,File Folders,20,5.21,104.24
2023-01-09,1,Desk Calendar,44,73.94,3253.14
2023-01-09,13,Notebooks,44,29.57,1301.28
2023-01-09,5,Sticky Notes,36,6.13,220.69
2023-01-09,11,Desk Calendar,29,11.57,335.56
2023-01-10,11,Desk Calendar,14,89.03,1246.41
2023-01-10,12,Office Chair,30,95.16,2854.74
2023-01-10,10,Sticky Notes,38,26.07,990.65
2023-01-10,12,File Folders,29,32.7,948.17
2023-01-11,8,Tape Dispenser,26,53.0,1378.12
2023-01-11,15,Sticky Notes,20,19.95,399.02
2023-01-12,6,Sticky Notes,39,71.34,2782.1
2023-01-12,12,Notebooks,8,51.32,410.54
2023-01-12,13,Highlighters,31,94.77,2937.91
2023-01-12,1,USB Drive,3,93.08,279.24
2023-01-13,4,Whiteboard,11,21.56,237.21
2023-01-14,11,USB Drive,6,53.31,319.86
2023-01-14,14,Ink Cartridges,42,55.69,2339.13
2023-01-15,7,Highlighters,17,12.17,206.84
2023-01-15,1,Whiteboard,48,83.25,3995.79
2023-01-15,1,Office Chair,37,93.46,3458.12
2023-01-15,12,Office Chair,42,29.22,1227.29
2023-01-15,15,File Folders,30,16.11,483.39
2023-01-16,2,Desk Calendar,21,50.26,1055.47
2023-01-16,8,Stapler,26,64.29,1671.47
2023-01-16,7,Highlighters,34,29.8,1013.11
2023-01-16,2,Office Chair,41,56.44,2314.17
2023-01-17,4,File Folders,2,38.51,77.02
2023-01-17,15,File Folders,9,16.3,146.72
2023-01-17,8,Highlighters,31,42.2,1308.17
2023-01-17,5,Sticky Notes,6,7.5,45.03
2023-01-17,2,Scissors,29,41.99,1217.69
2023-01-18,2,Desk Calendar,4,66.1,264.4
2023-01-18,10,Scissors,30,23.52,705.66
2023-01-18,12,Sticky Notes,21,5.08,106.74
2023-01-18,14,Notebooks,38,40.46,1537.34
2023-01-19,7,Notebooks,20,6.02,120.33
2023-01-19,8,Ink Cartridges,45,90.41,4068.31
2023-01-19,2,Highlighters,49,80.17,3928.37
2023-01-19,15,Ink Cartridges,6,93.83,562.98
2023-01-20,4,Desk Calendar,24,47.2,1132.87
2023-01-20,13,Sticky Notes,1,22.28,22.28
2023-01-20,4,Desk Calendar,38,48.02,1824.69
2023-01-20,13,File Folders,20,86.25,1725.08
2023-01-21,15,Tape Dispenser,21,85.53,1796.18
2023-01-21,13,USB Drive,2,53.39,106.77
2023-01-21,14,Desk Calendar,2,16.47,32.93
2023-01-21,12,Whiteboard,24,5.99,143.79
2023-01-21,4,Tape Dispenser,9,66.27,596.41
2023-01-22,5,Whiteboard,20,62.57,1251.47
2023-01-22,14,Desk Lamp,22,42.09,925.96
2023-01-23,1,Office Chair,31,11.47,355.7
2023-01-23,8,File Folders,29,56.76,1646.14
2023-01-23,10,Desk Lamp,37,75.54,2794.81
2023-01-23,15,Whiteboard,16,36.87,589.89
2023-01-23,9,Tape Dispenser,42,53.47,2245.54
2023-01-23,8,Scissors,27,43.89,1185.16
2023-01-24,14,Office Chair,47,17.31,813.68
2023-01-24,2,Tape Dispenser,14,28.2,394.74
2023-01-24,13,Highlighters,28,20.04,561.08
2023-01-25,11,Scissors,30,46.59,1397.55
2023-01-26,10,Whiteboard,42,53.66,2253.73
2023-01-27,11,Ink Cartridges,38,66.98,2545.29
2023-01-27,13,Printer Paper,18,72.96,1313.23
2023-01-27,9,Whiteboard,31,58.25,1805.71
2023-01-27,14,Office Chair,1,85.11,85.11
2023-01-28,11,USB Drive,3,65.2,195.61
2023-01-28,13,Office Chair,30,64.84,1945.1
2023-01-28,2,Printer Paper,4,36.34,145.35
2023-01-28,2,Stapler,46,97.66,4492.4
2023-01-29,3,Tape Dispenser,29,81.79,2371.85
2023-01-29,10,USB Drive,42,30.25,1270.68
2023-01-29,9,Desk Calendar,49,41.67,2041.7
2023-01-30,9,Scissors,24,13.28,318.72
2023-01-31,6,Desk Lamp,44,36.34,1598.76
2023-01-31,10,USB Drive,5,60.82,304.12
2023-02-01,9,Tape Dispenser,47,23.05,1083.38
2023-02-01,4,Highlighters,5,94.17,470.85
2023-02-01,15,Scissors,34,60.73,2064.96
2023-02-02,12,USB Drive,17,94.53,1606.95
2023-02-04,13,Printer Paper,11,29.53,324.85
2023-02-05,14,USB Drive,14,19.13,267.85
2023-02-05,7,Tape Dispenser,29,61.85,1793.59
2023-02-05,6,Sticky Notes,16,95.47,1527.54
2023-02-06,10,USB Drive,29,58.18,1687.14
2023-02-06,14,File Folders,21,34.09,715.86
2023-02-06,15,Tape Dispenser,28,33.39,934.81
2023-02-07,9,Scissors,4,47.92,191.69
2023-02-07,11,Ink Cartridges,9,47.64,428.76
2023-02-07,15,Stapler,10,8.08,80.76
2023-02-08,10,File Folders,22,24.93,548.52
2023-02-08,4,Notebooks,34,60.03,2040.95
2023-02-09,2,Whiteboard,33,47.65,1572.35
2023-02-09,8,Desk Calendar,17,97.92,1664.64
2023-02-10,1,Scissors,33,33.1,1092.38
2023-02-10,5,USB Drive,32,91.2,2918.35
2023-02-10,14,Office Chair,35,98.27,3439.48
2023-02-10,13,Office Chair,43,58.51,2516.0
2023-02-11,11,Sticky Notes,12,40.25,483.03
2023-02-12,10,Office Chair,36,42.24,1520.8
2023-02-12,5,Desk Lamp,38,78.2,2971.44
2023-02-13,5,Notebooks,18,54.5,981.0
2023-02-13,13,Desk Lamp,23,94.9,2182.73
2023-02-13,7,Sticky Notes,27,60.05,1621.33
2023-02-14,14,Printer Paper,3,28.43,85.3
2023-02-14,10,Scissors,18,32.61,587.05
2023-02-14,8,Highlighters,24,17.04,408.97
2023-02-14,11,Scissors,11,46.89,515.78
2023-02-14,6,Office Chair,22,19.48,428.63
2023-02-15,12,Printer Paper,30,30.95,928.61
2023-02-15,2,Office Chair,4,87.86,351.43
2023-02-15,12,Desk Calendar,13,52.38,680.89
2023-02-15,15,Scissors,16,61.67,986.73
2023-02-16,11,Ballpoint Pens,39,67.89,2647.76
2023-02-16,15,Desk Lamp,30,81.36,2440.93
2023-02-16,12,Notebooks,39,36.59,1426.93
2023-02-16,5,Printer Paper,45,95.53,4299.05
2023-02-16,15,Desk Lamp,34,12.62,429.11
2023-02-16,6,Desk Calendar,39,23.73,925.57
2023-02-16,7,Stapler,5,15.48,77.39
2023-02-16,2,Ballpoint Pens,47,47.3,2222.91
2023-02-17,13,Whiteboard,6,82.52,495.09
2023-02-18,12,USB Drive,44,86.21,3793.03
2023-02-18,5,Tape Dispenser,1,70.29,70.29
2023-02-18,13,File Folders,46,73.06,3360.82
2023-02-19,12,Highlighters,17,71.43,1214.35
2023-02-19,5,Whiteboard,39,79.56,3102.73
2023-02-19,9,Tape Dispenser,1,28.14,28.14
2023-02-19,6,Printer Paper,41,98.2,4026.15
2023-02-19,15,Desk Calendar,38,95.74,3638.18
2023-02-19,1,File Folders,1,47.05,47.05
2023-02-19,7,Printer Paper,33,89.82,2963.99
2023-02-19,7,USB Drive,4,21.39,85.58
2023-02-20,15,Ballpoint Pens,9,84.06,756.5
2023-02-20,8,Ink Cartridges,30,24.35,730.46
2023-02-22,7,Printer Paper,37,23.6,873.05
2023-02-22,15,Scissors,39,33.65,1312.41
2023-02-22,12,Ballpoint Pens,1,14.91,14.91
2023-02-22,13,Ink Cartridges,27,36.26,978.94
2023-02-22,6,Sticky Notes,5,88.53,442.64
2023-02-23,12,File Folders,13,18.95,246.38
2023-02-23,3,Ballpoint Pens,6,63.6,381.63
2023-02-24,13,USB Drive,21,32.61,684.75
2023-02-24,4,Scissors,26,44.34,1152.84
2023-02-24,13,Ink Cartridges,13,83.31,1082.98
2023-02-25,4,Highlighters,4,96.8,387.19
2023-02-25,1,Tape Dispenser,15,6.94,104.07
2023-02-25,3,Printer Paper,30,72.63,2179.0
2023-02-26,7,Office Chair,28,69.57,1947.86
2023-02-26,9,USB Drive,14,71.34,998.8
2023-02-26,4,Office Chair,21,84.37,1771.67
2023-02-26,3,Desk Calendar,8,16.22,129.79
2023-02-26,1,Desk Lamp,43,36.71,1578.35
2023-02-26,10,Ink Cartridges,3,59.85,179.55
2023-02-27,8,Ballpoint Pens,39,48.79,1902.85
2023-02-27,15,Ink Cartridges,11,50.1,551.05
2023-02-27,4,Highlighters,44,17.72,779.69
2023-02-27,7,Printer Paper,15,54.93,823.95
2023-02-27,10,Stapler,33,74.57,2460.9
2023-02-27,6,File Folders,44,85.35,3755.38
2023-02-28,9,Notebooks,40,23.03,921.31
2023-02-28,4,Printer Paper,12,34.46,413.57
2023-02-28,12,Office Chair,12,49.73,596.78
2023-03-01,3,Office Chair,24,93.55,2245.1
2023-03-01,2,Desk Lamp,3,20.53,61.59
2023-03-01,6,Printer Paper,47,95.2,4474.34
2023-03-02,1,File Folders,35,95.88,3355.7
2023-03-03,3,Ballpoint Pens,49,40.68,1993.43
2023-03-03,8,Highlighters,7,57.21,400.47
2023-03-04,2,Scissors,38,75.19,2857.2
2023-03-04,1,Whiteboard,4,47.46,189.83
2023-03-05,5,Printer Paper,18,49.55,891.87
2023-03-05,10,Printer Paper,15,98.56,1478.36
2023-03-05,4,Desk Lamp,7,86.16,603.15
2023-03-05,3,Tape Dispenser,37,5.49,203.23
2023-03-05,2,Desk Lamp,33,31.45,1037.72
2023-03-06,6,File Folders,29,36.63,1062.16
2023-03-06,1,Desk Calendar,8,60.88,487.07
2023-03-06,5,Office Chair,17,68.84,1170.34
2023-03-06,3,Desk Calendar,33,21.08,695.63
2023-03-07,7,Whiteboard,7,14.15,99.05
2023-03-08,2,Whiteboard,36,16.0,576.03
2023-03-08,12,Stapler,42,68.48,2876.09
2023-03-08,8,Scissors,5,90.87,454.37
2023-03-08,5,USB Drive,49,25.57,1252.83
2023-03-08,11,Scissors,2,46.2,92.4
2023-03-08,10,Ballpoint Pens,40,99.86,3994.32
2023-03-09,2,Sticky Notes,24,62.94,1510.46
2023-03-09,15,Desk Calendar,45,27.36,1231.23
2023-03-10,6,Desk Lamp,17,26.53,451.01
2023-03-10,1,USB Drive,12,50.16,601.87
2023-03-10,7,Ink Cartridges,47,23.81,1119.19
2023-03-10,2,Ballpoint Pens,33,7.17,236.63
2023-03-11,9,Ink Cartridges,38,54.75,2080.37
2023-03-11,5,Notebooks,15,31.26,468.86
2023-03-11,4,Ballpoint Pens,29,93.5,2711.38
2023-03-12,1,Ballpoint Pens,48,38.13,1830.37
2023-03-13,11,Desk Lamp,21,75.62,1588.06
2023-03-13,7,Office Chair,6,49.44,296.66
2023-03-13,8,USB Drive,22,93.23,2051.15
2023-03-13,15,Notebooks,31,97.48,3021.91
2023-03-13,2,Sticky Notes,47,91.55,4302.77
2023-03-14,10,Printer Paper,44,26.11,1148.64
2023-03-14,2,File Folders,28,46.26,1295.21
2023-03-15,14,Scissors,11,38.72,425.93
2023-03-15,15,Stapler,49,69.34,3397.7
2023-03-15,2,File Folders,43,17.65,759.15
2023-03-15,12,USB Drive,28,42.6,1192.89
2023-03-16,8,Ink Cartridges,49,22.85,1119.78
2023-03-16,4,Highlighters,39,53.87,2100.96
2023-03-17,10,File Folders,22,48.89,1075.64
2023-03-18,3,USB Drive,39,67.54,2633.95
2023-03-18,2,Notebooks,36,74.43,2679.4
2023-03-19,13,Whiteboard,40,43.05,1722.2
2023-03-19,4,Office Chair,8,50.88,407.02
2023-03-20,4,Desk Lamp,33,50.81,1676.84
2023-03-22,11,Office Chair,32,68.5,2191.93
2023-03-22,5,Stapler,40,80.76,3230.45
2023-03-22,15,Scissors,28,99.83,2795.14
2023-03-22,4,Scissors,13,33.74,438.68
2023-03-23,12,Desk Lamp,22,60.86,1338.91
2023-03-23,8,Printer Paper,35,93.44,3270.34
2023-03-23,2,Stapler,23,42.27,972.1
2023-03-24,10,Printer Paper,31,17.46,541.31
2023-03-24,2,Stapler,5,67.58,337.92
2023-03-24,12,Notebooks,48,24.32,1167.17
2023-03-25,14,Desk Lamp,23,59.65,1371.91
2023-03-25,4,Highlighters,47,89.72,4216.66
2023-03-25,15,Sticky Notes,11,20.63,226.92
2023-03-25,6,Notebooks,27,70.91,1914.57
2023-03-25,15,Stapler,21,59.12,1241.57
2023-03-25,6,Tape Dispenser,20,51.27,1025.44
2023-03-27,15,Stapler,24,97.3,2335.21
2023-03-27,10,File Folders,12,87.17,1046.06
2023-03-27,13,Stapler,10,49.44,494.44
2023-03-28,6,Desk Calendar,39,6.45,251.4
2023-03-28,3,Highlighters,14,73.1,1023.46
2023-03-28,11,Scissors,46,6.91,317.81
2023-03-30,8,Stapler,31,67.21,2083.4
2023-03-30,4,Ballpoint Pens,2,77.08,154.15
2023-03-30,8,Highlighters,34,7.57,257.51
2023-03-30,15,File Folders,35,75.47,2641.59
2023-03-31,9,USB Drive,20,24.69,493.81
2023-03-31,4,Desk Lamp,26,6.66,173.09
2023-04-01,7,Desk Lamp,8,59.87,478.97
2023-04-02,11,Ink Cartridges,21,19.8,415.74
2023-04-02,10,Tape Dispenser,48,20.29,973.89
2023-04-02,1,USB Drive,31,98.85,3064.32
2023-04-02,8,Stapler,31,67.4,2089.27
2023-04-02,1,Sticky Notes,17,38.71,658.09
2023-04-02,15,Scissors,42,86.25,3622.52
2023-04-03,5,Whiteboard,3,91.12,273.37
2023-04-03,10,Desk Lamp,15,47.63,714.4
2023-04-03,1,Sticky Notes,22,65.9,1449.85
2023-04-04,13,Desk Lamp,4,68.36,273.43
2023-04-04,2,USB Drive,20,81.16,1623.24
2023-04-05,13,Tape Dispenser,10,52.08,520.83
2023-04-05,11,Ink Cartridges,33,22.67,747.99
2023-04-05,3,USB Drive,3,79.85,239.56
2023-04-05,7,Whiteboard,44,40.73,1792.08
2023-04-06,14,Office Chair,20,34.58,691.58
2023-04-06,8,Whiteboard,36,33.43,1203.54
2023-04-06,5,USB Drive,3,55.32,165.96
2023-04-07,9,Tape Dispenser,3,32.16,96.47
2023-04-07,3,Sticky Notes,34,82.62,2809.13
2023-04-07,12,Desk Lamp,24,95.95,2302.7
2023-04-08,2,Ink Cartridges,16,9.95,159.24
2023-04-08,9,Highlighters,24,44.94,1078.52
2023-04-08,6,Printer Paper,39,8.25,321.87
2023-04-08,10,Tape Dispenser,1,47.4,47.4
2023-04-09,5,Desk Lamp,49,18.81,921.86
2023-04-09,1,Stapler,23,88.04,2025.02
2023-04-10,5,Tape Dispenser,14,85.79,1201.04
2023-04-10,5,Tape Dispenser,25,91.64,2290.99
2023-04-11,11,Desk Calendar,41,68.18,2795.32
2023-04-11,6,File Folders,3,36.78,110.34
2023-04-11,12,Scissors,12,27.7,332.35
2023-04-13,15,Sticky Notes,26,50.47,1312.24
2023-04-13,11,USB Drive,44,26.22,1153.88
2023-04-14,12,Desk Lamp,17,17.78,302.3
2023-04-14,1,Desk Lamp,1,60.29,60.29
2023-04-14,12,Notebooks,9,36.08,324.71
2023-04-14,1,Notebooks,43,21.78,936.47
2023-04-14,1,File Folders,5,55.47,277.35
2023-04-14,1,File Folders,19,63.28,1202.37
2023-04-14,14,Desk Lamp,30,39.35,1180.64
2023-04-14,1,USB Drive,47,91.17,4285.12
2023-04-14,5,Desk Calendar,16,91.84,1469.47
2023-04-15,6,Ballpoint Pens,29,6.22,180.35
2023-04-15,11,Notebooks,8,12.28,98.24
2023-04-15,14,Scissors,26,96.07,2497.88
2023-04-15,1,Highlighters,48,35.63,1710.17
2023-04-16,4,Desk Lamp,43,31.58,1357.94
2023-04-16,8,Notebooks,2,39.57,79.14
2023-04-16,13,Stapler,39,64.38,2510.85
2023-04-16,9,File Folders,17,53.69,912.67
2023-04-18,9,Ballpoint Pens,45,68.14,3066.4
2023-04-18,8,Ink Cartridges,32,24.73,791.26
2023-04-18,13,Desk Calendar,28,49.02,1372.59
2023-04-19,7,USB Drive,18,34.98,629.61
2023-04-19,11,Desk Lamp,20,97.81,1956.28
2023-04-20,1,Desk Lamp,24,40.18,964.37
2023-04-20,1,Notebooks,38,30.05,1142.04
2023-04-21,4,Printer Paper,35,15.74,550.87
2023-04-21,7,Ballpoint Pens,33,20.88,688.9
2023-04-21,7,Sticky Notes,20,31.41,628.21
2023-04-21,7,Office Chair,6,64.06,384.36
2023-04-22,1,Printer Paper,49,36.25,1776.43
2023-04-22,13,Highlighters,3,78.35,235.05
2023-04-22,12,Office Chair,28,50.14,1404.02
2023-04-23,10,Printer Paper,20,46.41,928.1
2023-04-23,13,Stapler,27,25.8,696.66
2023-04-23,13,Highlighters,5,23.88,119.42
2023-04-23,4,Notebooks,28,6.71,187.93
2023-04-24,9,Desk Lamp,45,99.43,4474.43
2023-04-25,7,File Folders,42,44.82,1882.48
2023-04-25,9,Sticky Notes,20,24.85,496.93
2023-04-26,11,Whiteboard,5,18.25,91.26
2023-04-26,1,Whiteboard,33,50.16,1655.42
2023-04-26,5,Desk Calendar,11,88.08,968.85
2023-04-26,7,Highlighters,49,27.15,1330.43
2023-04-27,6,Highlighters,41,53.93,2211.03
2023-04-27,7,Tape Dispenser,13,64.27,835.55
2023-04-27,5,Ballpoint Pens,7,67.61,473.28
2023-04-27,11,Scissors,18,34.49,620.85
2023-04-28,12,Printer Paper,30,59.96,1798.85
2023-04-28,7,Whiteboard,30,26.96,808.69
2023-04-28,10,Sticky Notes,1,89.53,89.53
2023-04-28,7,Notebooks,44,95.44,4199.56
2023-04-29,15,File Folders,11,58.11,639.17
2023-04-30,1,Stapler,1,72.02,72.02
2023-04-30,1,Desk Calendar,5,50.81,254.07
2023-05-01,1,Office Chair,16,11.52,184.38
2023-05-01,1,Office Chair,31,56.8,1760.85
2023-05-02,2,Sticky Notes,32,98.88,3164.08
2023-05-02,6,USB Drive,27,72.86,1967.25
2023-05-03,6,Notebooks,14,48.77,682.78
2023-05-03,10,Ballpoint Pens,19,53.64,1019.13
2023-05-03,5,Sticky Notes,38,57.04,2167.55
2023-05-04,6,Ink Cartridges,34,94.15,3201.12
2023-05-04,3,Scissors,38,74.99,2849.63
2023-05-05,6,Notebooks,12,50.04,600.51
2023-05-05,2,USB Drive,6,87.25,523.51
2023-05-05,2,Desk Calendar,22,92.77,2040.84
2023-05-05,3,Desk Calendar,47,36.43,1712.0
2023-05-05,11,Scissors,13,16.95,220.31
2023-05-06,12,Desk Calendar,34,83.02,2822.6
2023-05-06,13,Ballpoint Pens,26,6.05,157.21
2023-05-07,13,Stapler,29,46.78,1356.53
2023-05-07,5,Desk Calendar,24,61.15,1467.59
2023-05-08,3,Whiteboard,32,99.97,3198.9
2023-05-08,10,Desk Lamp,5,28.64,143.2
2023-05-08,15,Notebooks,28,16.89,472.79
2023-05-08,13,Sticky Notes,30,30.93,927.85
2023-05-09,13,Desk Lamp,10,24.33,243.31
2023-05-09,12,Sticky Notes,48,86.1,4132.98
2023-05-09,5,Tape Dispenser,32,5.08,162.5
2023-05-09,12,Desk Lamp,36,16.44,591.99
2023-05-09,9,Notebooks,15,50.0,749.95
2023-05-10,3,Printer Paper,2,37.95,75.91
2023-05-10,9,Ballpoint Pens,15,70.31,1054.69
2023-05-10,1,Printer Paper,8,8.28,66.22
2023-05-11,1,Office Chair,3,87.76,263.29
2023-05-11,6,Scissors,26,5.93,154.05
2023-05-11,2,Ballpoint Pens,33,95.69,3157.63
2023-05-11,9,Office Chair,19,21.37,406.04
2023-05-11,6,Notebooks,11,22.65,249.14
2023-05-12,3,Desk Lamp,37,30.01,1110.45
2023-05-12,2,Highlighters,27,19.44,524.75
2023-05-12,13,Stapler,23,79.13,1819.96
2023-05-12,5,Tape Dispenser,4,69.03,276.11
2023-05-12,8,Office Chair,45,72.27,3252.24
2023-05-13,15,File Folders,5,99.08,495.39
2023-05-13,13,Sticky Notes,11,90.85,999.37
2023-05-14,7,Stapler,5,61.73,308.63
2023-05-14,11,File Folders,30,77.32,2319.69
2023-05-14,13,Printer Paper,23,37.9,871.67
2023-05-14,5,Tape Dispenser,36,65.74,2366.69
2023-05-14,14,Printer Paper,29,69.39,2012.22
2023-05-14,14,Highlighters,31,79.16,2454.1
2023-05-15,1,Desk Calendar,43,27.85,1197.46
2023-05-15,5,File Folders,23,76.94,1769.7
2023-05-16,11,Whiteboard,6,9.33,55.95
2023-05-16,15,Notebooks,20,14.26,285.26
2023-05-17,6,Ink Cartridges,20,68.74,1374.86
2023-05-17,9,Highlighters,15,38.08,571.16
2023-05-17,1,Ink Cartridges,49,5.56,272.63
2023-05-18,13,Whiteboard,44,26.02,1144.92
2023-05-19,5,Stapler,31,62.08,1924.37
2023-05-19,5,USB Drive,37,68.69,2541.66
2023-05-19,14,Ink Cartridges,14,69.83,977.63
2023-05-19,12,Desk Lamp,3,53.19,159.58
2023-05-20,14,Ink Cartridges,26,37.32,970.26
2023-05-20,13,Notebooks,40,29.93,1197.06
2023-05-20,3,Whiteboard,40,46.33,1853.31
2023-05-20,14,Highlighters,32,82.96,2654.88
2023-05-20,4,Office Chair,12,59.26,711.12
2023-05-20,8,Stapler,1,48.83,48.83
2023-05-21,12,Ink Cartridges,35,58.6,2050.85
2023-05-21,6,Ink Cartridges,48,33.9,1627.24
2023-05-21,11,Office Chair,25,18.74,468.48
2023-05-22,10,Tape Dispenser,49,28.27,1385.13
2023-05-22,10,Desk Calendar,46,97.87,4501.85
2023-05-22,11,USB Drive,46,20.6,947.61
2023-05-22,10,Notebooks,11,78.12,859.31
2023-05-22,2,Desk Lamp,46,45.75,2104.49
2023-05-23,14,Ink Cartridges,26,44.31,1152.11
2023-05-23,12,Stapler,34,69.15,2351.13
2023-05-23,13,File Folders,7,51.99,363.91
2023-05-24,8,Scissors,41,92.21,3780.78
2023-05-24,10,Office Chair,42,98.1,4120.39
2023-05-24,14,Office Chair,32,8.22,263.1
2023-05-24,15,Office Chair,23,94.67,2177.37
2023-05-25,8,File Folders,10,5.78,57.8
2023-05-25,5,Office Chair,29,36.94,1071.27
2023-05-26,6,Stapler,46,95.28,4383.08
2023-05-26,2,Whiteboard,43,14.43,620.67
2023-05-27,3,Printer Paper,44,93.82,4127.97
2023-05-27,12,Highlighters,41,39.1,1603.08
2023-05-28,2,File Folders,37,30.04,1111.5
2023-05-28,9,Ballpoint Pens,29,33.57,973.61
2023-05-28,1,Tape Dispenser,30,37.45,1123.55
2023-05-30,8,Tape Dispenser,19,64.66,1228.55
2023-05-30,11,Stapler,35,65.84,2304.53
2023-05-30,3,Desk Calendar,40,82.79,3311.71
2023-05-31,2,Notebooks,6,85.77,514.63
2023-05-31,11,Office Chair,33,46.07,1520.24
2023-05-31,5,Desk Lamp,16,94.88,1518.07
2023-06-01,2,Ink Cartridges,10,57.05,570.47
2023-06-01,4,Stapler,42,97.49,4094.53
2023-06-01,4,Scissors,4,72.19,288.76
2023-06-01,8,Printer Paper,46,35.87,1649.87
2023-06-01,2,Ink Cartridges,40,41.02,1640.91
2023-06-02,8,Office Chair,32,40.76,1304.23
2023-06-02,13,Printer Paper,25,43.73,1093.23
2023-06-02,3,Scissors,31,42.31,1311.69
2023-06-02,9,Sticky Notes,34,93.43,3176.77
2023-06-02,5,Office Chair,12,49.01,588.16
2023-06-02,15,Desk Lamp,32,15.58,498.51
2023-06-02,5,Whiteboard,21,78.79,1654.54
2023-06-03,13,Desk Calendar,35,71.78,2512.29
2023-06-03,9,Sticky Notes,4,85.33,341.34
2023-06-03,9,Ink Cartridges,11,45.51,500.64
2023-06-04,8,Whiteboard,5,35.04,175.2
2023-06-04,8,Stapler,20,43.54,870.74
2023-06-04,11,File Folders,19,62.9,1195.04
2023-06-05,8,Scissors,18,28.05,504.92
2023-06-05,4,Tape Dispenser,45,27.62,1243.09
2023-06-05,14,File Folders,19,43.84,832.88
2023-06-05,7,Tape Dispenser,30,7.31,219.38
2023-06-06,14,Sticky Notes,7,69.15,484.07
2023-06-06,11,Tape Dispenser,36,27.67,996.3
2023-06-06,2,Notebooks,47,95.15,4471.82
2023-06-06,13,Ballpoint Pens,5,56.0,280.02
2023-06-06,7,Highlighters,24,24.69,592.64
2023-06-06,1,Stapler,31,12.52,388.2
2023-06-07,10,Printer Paper,5,13.59,67.95
2023-06-07,12,File Folders,40,65.88,2635.17
2023-06-07,1,File Folders,2,19.8,39.6
2023-06-09,5,Office Chair,13,31.36,407.68
2023-06-09,5,Desk Calendar,12,20.15,241.75
2023-06-09,13,Scissors,17,49.51,841.69
2023-06-10,7,Ink Cartridges,27,46.6,1258.28
2023-06-10,5,Desk Lamp,28,56.59,1584.55
2023-06-11,15,Sticky Notes,23,19.09,438.99
2023-06-11,2,Ink Cartridges,41,18.29,749.92
2023-06-11,12,Scissors,17,84.71,1440.15
2023-06-12,15,Notebooks,7,78.43,549.04
2023-06-12,9,Office Chair,1,71.9,71.9
2023-06-12,13,File Folders,34,44.69,1519.35
2023-06-12,11,Desk Calendar,40,11.81,472.45
2023-06-13,7,Notebooks,43,51.39,2209.83
2023-06-13,3,File Folders,16,47.38,758.14
2023-06-14,12,Tape Dispenser,26,28.83,749.51
2023-06-14,15,Scissors,34,44.31,1506.52
2023-06-15,2,Stapler,47,13.58,638.13
2023-06-15,7,Desk Lamp,34,10.39,353.2
2023-06-16,14,Tape Dispenser,12,26.15,313.84
2023-06-16,14,Ink Cartridges,39,95.69,3731.94
2023-06-17,10,USB Drive,8,46.78,374.21
2023-06-17,1,Desk Calendar,47,76.32,3587.08
2023-06-18,9,Desk Lamp,40,10.12,404.7
2023-06-18,15,Desk Lamp,13,43.32,563.12
2023-06-19,2,Tape Dispenser,44,28.17,1239.39
2023-06-20,13,Printer Paper,11,92.22,1014.45
2023-06-20,12,Tape Dispenser,49,10.49,514.16
2023-06-21,5,Whiteboard,5,56.82,284.08
2023-06-22,8,Office Chair,49,99.72,4886.29
2023-06-22,9,Ballpoint Pens,11,58.54,643.89
2023-06-22,12,Highlighters,34,87.39,2971.38
2023-06-22,15,Tape Dispenser,12,71.08,852.95
2023-06-23,7,Tape Dispenser,38,37.5,1424.9
2023-06-23,6,Stapler,6,64.27,385.59
2023-06-24,15,Tape Dispenser,7,59.88,419.13
2023-06-24,7,Whiteboard,38,81.01,3078.54
2023-06-26,14,Notebooks,32,62.86,2011.52
2023-06-26,1,Whiteboard,14,97.2,1360.83
2023-06-26,5,Desk Calendar,22,82.73,1819.98
2023-06-27,15,Desk Calendar,12,83.05,996.57
2023-06-27,3,Printer Paper,28,76.66,2146.5
2023-06-27,15,Printer Paper,1,51.19,51.19
2023-06-28,13,USB Drive,36,99.75,3591.06
2023-06-29,4,Scissors,46,45.43,2089.94
2023-06-29,12,Printer Paper,6,5.3,31.82
2023-06-29,12,Sticky Notes,7,24.46,171.24
2023-06-29,11,Whiteboard,35,40.29,1410.19
2023-06-29,2,Whiteboard,37,59.37,2196.54
2023-06-30,6,Tape Dispenser,9,90.13,811.15
2023-06-30,2,Whiteboard,43,47.32,2034.57
2023-06-30,14,Sticky Notes,24,73.56,1765.44
2023-06-30,4,Stapler,6,97.16,582.99
2023-07-01,3,USB Drive,12,6.39,76.66
2023-07-01,8,Tape Dispenser,29,33.49,971.15
2023-07-02,13,Scissors,42,61.77,2594.43
2023-07-02,9,Notebooks,26,25.0,650.08
2023-07-02,5,Notebooks,46,82.43,3791.64
2023-07-03,3,Ballpoint Pens,34,29.79,1012.92
2023-07-03,13,Desk Lamp,29,36.74,1065.55
2023-07-03,7,USB Drive,33,23.46,774.25
2023-07-03,2,Office Chair,29,7.55,218.99
2023-07-04,11,Ballpoint Pens,6,46.51,279.05
2023-07-04,12,Highlighters,43,31.06,1335.64
2023-07-05,2,Notebooks,21,22.05,463.0
2023-07-05,12,Ink Cartridges,46,37.89,1742.93
2023-07-05,12,Whiteboard,18,78.96,1421.26
2023-07-05,4,Desk Lamp,38,79.61,3025.28
2023-07-06,2,Desk Calendar,12,98.74,1184.86
2023-07-08,4,Printer Paper,17,77.99,1325.81
2023-07-08,3,Desk Lamp,10,32.62,326.2
2023-07-08,14,Notebooks,34,26.15,889.11
2023-07-10,5,Notebooks,32,26.31,841.93
2023-07-10,5,Scissors,19,84.55,1606.48
2023-07-10,9,Ink Cartridges,42,93.01,3906.26
2023-07-10,10,USB Drive,28,25.63,717.68
2023-07-12,5,Tape Dispenser,3,93.2,279.59
2023-07-13,13,Notebooks,12,54.21,650.5
2023-07-13,14,Office Chair,34,98.95,3364.42
2023-07-13,4,Ballpoint Pens,42,40.5,1700.89
2023-07-14,6,Office Chair,26,81.7,2124.3
2023-07-14,15,Notebooks,13,36.87,479.3
2023-07-15,1,File Folders,5,41.24,206.19
2023-07-15,15,Scissors,32,84.91,2717.11
2023-07-15,3,Desk Calendar,12,52.63,631.6
2023-07-15,2,Ballpoint Pens,31,27.97,867.14
2023-07-16,4,Notebooks,10,51.3,513.02
2023-07-16,8,Ink Cartridges,44,7.25,318.93
2023-07-16,9,Ink Cartridges,5,26.35,131.77
2023-07-16,4,Printer Paper,24,67.85,1628.38
2023-07-17,6,Whiteboard,43,23.76,1021.56
2023-07-18,12,Tape Dispenser,49,91.06,4462.13
2023-07-18,3,USB Drive,48,94.12,4517.76
2023-07-18,12,Scissors,19,32.79,623.1
2023-07-19,11,Desk Lamp,16,89.06,1425.02
2023-07-19,7,Tape Dispenser,25,94.72,2368.02
2023-07-19,11,Tape Dispenser,9,48.15,433.38
2023-07-19,1,Desk Calendar,35,98.32,3441.04
2023-07-19,2,File Folders,24,23.84,572.24
2023-07-19,15,Scissors,26,77.07,2003.74
2023-07-19,2,Sticky Notes,2,82.5,165.01
2023-07-19,3,Printer Paper,13,84.1,1093.35
2023-07-19,11,Highlighters,45,86.61,3897.42
2023-07-20,4,Whiteboard,11,99.68,1096.45
2023-07-22,9,Printer Paper,47,67.06,3152.02
2023-07-24,8,Desk Lamp,34,91.35,3105.91
2023-07-24,10,Whiteboard,40,47.75,1910.13
2023-07-25,9,Printer Paper,7,83.72,586.01
2023-07-25,15,Scissors,22,8.54,187.79
2023-07-25,14,Printer Paper,49,45.42,2225.35
2023-07-25,13,Scissors,48,68.28,3277.27
2023-07-26,1,Sticky Notes,16,79.43,1270.83
2023-07-26,4,Desk Lamp,30,7.56,226.89
2023-07-26,3,Stapler,43,48.08,2067.46
2023-07-26,8,Highlighters,20,62.85,1257.09
2023-07-27,3,Desk Lamp,38,67.42,2561.81
2023-07-27,7,Notebooks,28,98.26,2751.38
2023-07-27,14,USB Drive,21,49.79,1045.65
2023-07-27,1,Tape Dispenser,43,66.71,2868.57
2023-07-28,7,USB Drive,41,75.21,3083.71
2023-07-28,2,USB Drive,48,95.31,4575.03
2023-07-29,6,Sticky Notes,20,8.41,168.28
2023-07-29,12,Ballpoint Pens,18,86.72,1560.88
2023-07-29,3,Sticky Notes,9,85.63,770.7
2023-07-29,9,Desk Calendar,4,31.49,125.97
2023-07-29,1,USB Drive,16,12.42,198.79
2023-07-30,5,Tape Dispenser,17,23.45,398.63
2023-07-30,12,USB Drive,7,67.39,471.7
2023-07-31,3,Desk Calendar,40,38.72,1548.81
2023-08-01,8,File Folders,24,57.93,1390.36
2023-08-01,12,Highlighters,9,77.24,695.14
2023-08-01,8,Ballpoint Pens,41,76.59,3140.29
2023-08-01,1,Whiteboard,45,13.79,620.77
2023-08-02,10,Ink Cartridges,36,24.61,886.09
2023-08-02,5,Office Chair,21,38.43,807.03
2023-08-03,15,Whiteboard,3,80.81,242.42
2023-08-03,15,Stapler,31,80.66,2500.42
2023-08-04,5,Desk Calendar,48,93.27,4476.76
2023-08-05,5,USB Drive,21,89.25,1874.26
2023-08-05,2,Ballpoint Pens,7,5.33,37.3
2023-08-05,8,File Folders,23,18.4,423.22
2023-08-05,3,Scissors,10,49.45,494.5
2023-08-06,12,Highlighters,19,21.12,401.28
2023-08-06,6,Stapler,21,31.09,652.98
2023-08-07,11,File Folders,21,22.18,465.74
2023-08-07,8,Whiteboard,38,51.56,1959.29
2023-08-07,6,Tape Dispenser,22,50.69,1115.22
2023-08-08,9,USB Drive,21,23.58,495.12
2023-08-08,8,Printer Paper,10,53.87,538.67
2023-08-08,9,Office Chair,1,16.22,16.22
2023-08-09,5,Sticky Notes,49,33.33,1633.08
2023-08-09,9,File Folders,18,36.43,655.74
2023-08-10,2,Scissors,34,49.95,1698.3
2023-08-10,3,Notebooks,32,57.94,1854.14
2023-08-10,3,Stapler,49,97.43,4774.3
2023-08-10,14,Scissors,41,11.98,490.98
2023-08-11,12,Sticky Notes,11,60.0,660.04
2023-08-11,13,Highlighters,30,35.02,1050.46
2023-08-13,11,Highlighters,1,61.06,61.06
2023-08-13,2,Highlighters,37,57.89,2141.94
2023-08-13,5,Tape Dispenser,7,73.45,514.12
2023-08-14,12,Highlighters,15,99.46,1491.94
2023-08-15,3,Ballpoint Pens,44,74.4,3273.53
2023-08-15,14,Printer Paper,24,23.45,562.81
2023-08-15,2,Desk Calendar,17,89.86,1527.7
2023-08-16,2,Tape Dispenser,36,33.8,1216.89
2023-08-16,6,Tape Dispenser,43,77.64,3338.55
2023-08-16,12,Desk Calendar,29,71.58,2075.91
2023-08-16,9,Whiteboard,41,82.91,3399.11
2023-08-16,7,Ballpoint Pens,5,30.59,152.95
2023-08-17,13,Stapler,41,84.18,3451.47
2023-08-17,5,Desk Lamp,8,71.33,570.66
2023-08-18,12,Desk Calendar,30,59.0,1769.97
2023-08-18,15,USB Drive,32,95.68,3061.71
2023-08-19,9,Ballpoint Pens,39,15.83,617.28
2023-08-19,4,Highlighters,20,52.61,1052.19
2023-08-20,7,File Folders,20,42.97,859.32
2023-08-20,2,Notebooks,32,14.36,459.67
2023-08-20,14,Desk Calendar,19,78.46,1490.78
2023-08-20,2,File Folders,23,18.37,422.57
2023-08-20,14,Tape Dispenser,15,7.04,105.64
2023-08-20,1,Whiteboard,39,46.14,1799.29
2023-08-20,12,Desk Calendar,36,59.31,2135.15
2023-08-20,5,Printer Paper,20,59.24,1184.89
2023-08-21,9,Desk Lamp,4,80.29,321.17
2023-08-21,12,Office Chair,27,21.29,574.76
2023-08-21,6,Printer Paper,24,42.35,1016.5
2023-08-21,1,Office Chair,9,29.06,261.5
2023-08-21,6,Tape Dispenser,8,85.09,680.7
2023-08-22,9,USB Drive,4,7.14,28.57
2023-08-22,11,Sticky Notes,26,80.04,2081.07
2023-08-22,9,Whiteboard,19,23.77,451.68
2023-08-22,15,Tape Dispenser,39,79.84,3113.58
2023-08-23,9,Ink Cartridges,18,90.24,1624.36
2023-08-23,13,Ink Cartridges,9,99.87,898.81
2023-08-24,9,Notebooks,31,92.36,2863.05
2023-08-24,15,Notebooks,17,38.7,657.95
2023-08-24,1,Stapler,18,80.45,1448.05
2023-08-26,14,Desk Lamp,3,56.47,169.4
2023-08-26,1,Desk Lamp,14,47.42,663.91
2023-08-26,4,File Folders,42,61.14,2568.02
2023-08-26,1,Tape Dispenser,12,23.67,284.0
2023-08-26,13,Desk Lamp,46,86.85,3994.89
2023-08-27,15,Tape Dispenser,13,48.71,633.29
2023-08-27,9,Scissors,36,22.7,817.04
2023-08-27,14,Desk Lamp,38,10.18,386.98
2023-08-27,3,Desk Lamp,46,51.53,2370.45
2023-08-28,3,Scissors,34,45.67,1552.91
2023-08-28,11,Desk Calendar,5,76.17,380.86
2023-08-28,8,Desk Lamp,11,29.81,327.96
2023-08-28,1,Desk Calendar,17,91.83,1561.18
2023-08-29,14,Whiteboard,14,31.91,446.76
2023-08-29,6,Scissors,16,53.05,848.77
2023-08-30,4,Desk Calendar,43,80.26,3451.05
2023-08-31,12,Notebooks,12,95.06,1140.74
2023-08-31,14,Highlighters,37,7.07,261.59
2023-08-31,4,Scissors,38,80.17,3046.42
2023-08-31,7,Scissors,13,44.98,584.78
2023-09-01,15,Ink Cartridges,47,45.87,2156.1
2023-09-01,7,Desk Lamp,18,11.34,204.19
2023-09-01,15,Stapler,36,65.89,2372.07
2023-09-01,1,Notebooks,20,47.69,953.71
2023-09-01,7,Notebooks,29,67.93,1969.98
2023-09-02,5,Whiteboard,31,23.51,728.82
2023-09-02,2,Whiteboard,4,46.53,186.11
2023-09-03,14,Ink Cartridges,49,33.16,1625.05
2023-09-03,11,Stapler,43,12.15,522.37
2023-09-03,15,Highlighters,6,20.28,121.7
2023-09-03,5,Whiteboard,27,24.81,669.92
2023-09-04,10,Desk Lamp,29,13.58,393.8
2023-09-04,7,Desk Lamp,9,98.16,883.46
2023-09-04,10,Desk Calendar,24,12.51,300.29
2023-09-04,11,File Folders,27,27.91,753.6
2023-09-04,9,File Folders,25,77.55,1938.85
2023-09-06,13,Sticky Notes,39,97.74,3811.99
2023-09-06,8,Desk Lamp,49,67.49,3307.14
2023-09-06,12,Stapler,19,79.88,1517.66
2023-09-06,4,Sticky Notes,36,26.25,945.06
2023-09-06,2,File Folders,21,34.83,731.41
2023-09-07,6,Ballpoint Pens,16,95.17,1522.77
2023-09-07,15,File Folders,49,82.13,4024.49
2023-09-08,1,Ink Cartridges,3,51.66,154.98
2023-09-08,12,Highlighters,35,19.96,698.59
2023-09-08,2,Stapler,12,52.42,629.06
2023-09-09,3,Desk Lamp,49,84.17,4124.34
2023-09-09,11,Sticky Notes,13,56.3,731.88
2023-09-10,13,Ink Cartridges,30,16.45,493.36
2023-09-10,11,Desk Calendar,6,41.35,248.07
2023-09-10,8,File Folders,19,74.06,1407.21
2023-09-10,7,Tape Dispenser,6,7.75,46.49
2023-09-11,6,Ballpoint Pens,6,49.77,298.6
2023-09-11,3,Office Chair,20,17.36,347.23
2023-09-11,14,Whiteboard,1,85.66,85.66
2023-09-11,8,Highlighters,47,22.89,1076.01
2023-09-11,1,Desk Calendar,6,83.46,500.77
2023-09-14,8,Notebooks,15,36.43,546.41
2023-09-15,3,Tape Dispenser,21,65.57,1377.06
2023-09-15,1,File Folders,15,16.43,246.43
2023-09-15,8,Desk Lamp,11,36.22,398.4
2023-09-16,5,File Folders,39,24.09,939.5
2023-09-16,2,File Folders,26,98.22,2553.71
2023-09-16,4,File Folders,20,94.9,1898.03
2023-09-16,9,Office Chair,42,62.66,2631.9
2023-09-17,1,Stapler,1,6.05,6.05
2023-09-17,14,Whiteboard,35,28.83,1009.11
2023-09-17,3,USB Drive,24,99.58,2389.94
2023-09-17,4,File Folders,7,16.95,118.67
2023-09-18,4,Scissors,1,40.31,40.31
2023-09-18,2,Ballpoint Pens,22,27.28,600.07
2023-09-18,11,Highlighters,47,5.12,240.67
2023-09-19,14,Ballpoint Pens,43,67.58,2905.73
2023-09-19,9,Notebooks,2,12.55,25.11
2023-09-19,11,Sticky Notes,3,35.84,107.51
2023-09-20,2,Desk Lamp,38,16.19,615.16
2023-09-20,6,Tape Dispenser,30,79.46,2383.8
2023-09-21,13,Printer Paper,2,12.09,24.19
2023-09-21,14,Sticky Notes,37,28.54,1055.98
2023-09-21,7,Highlighters,26,30.49,792.79
2023-09-22,4,Scissors,17,21.79,370.5
2023-09-22,8,Stapler,24,82.44,1978.47
2023-09-22,15,Desk Calendar,16,25.91,414.52
2023-09-22,7,Scissors,39,85.19,3322.49
2023-09-23,10,Office Chair,20,86.59,1731.87
2023-09-24,9,Scissors,27,97.7,2637.99
2023-09-24,15,File Folders,38,98.37,3737.89
2023-09-24,10,Stapler,19,93.92,1784.41
2023-09-24,8,Ink Cartridges,10,62.11,621.15
2023-09-25,10,Notebooks,39,68.63,2676.53
2023-09-26,10,Ballpoint Pens,31,31.69,982.4
2023-09-26,6,Ink Cartridges,23,33.35,767.02
2023-09-26,15,Stapler,13,37.33,485.25
2023-09-26,13,Scissors,48,95.14,4566.68
2023-09-27,8,Desk Lamp,6,21.02,126.13
2023-09-27,11,Desk Lamp,25,83.27,2081.77
2023-09-27,8,Desk Calendar,8,73.7,589.64
2023-09-28,3,Ink Cartridges,23,65.25,1500.72
2023-09-28,10,Desk Calendar,17,50.37,856.3
2023-09-28,8,Desk Lamp,34,59.09,2009.06
2023-09-28,9,Highlighters,11,37.81,415.88
2023-09-29,8,Ballpoint Pens,45,12.35,555.77
2023-09-29,12,Office Chair,23,29.39,676.01
2023-09-29,3,Desk Calendar,47,11.69,549.49
2023-09-29,4,Stapler,44,15.91,700.22
2023-09-30,3,File Folders,6,69.55,417.27
2023-09-30,11,File Folders,5,90.95,454.77
2023-09-30,12,USB Drive,11,17.67,194.34
2023-10-01,9,USB Drive,47,75.22,3535.57
2023-10-01,13,USB Drive,10,65.0,650.03
2023-10-01,1,Tape Dispenser,4,56.51,226.03
2023-10-02,14,Whiteboard,10,68.65,686.49
2023-10-02,13,Whiteboard,49,58.97,2889.35
2023-10-03,12,Desk Calendar,49,67.42,3303.73
2023-10-03,1,Highlighters,11,63.8,701.75
2023-10-03,14,Scissors,3,84.76,254.29
2023-10-03,15,Ink Cartridges,4,66.14,264.56
2023-10-04,9,Stapler,13,30.97,402.61
2023-10-04,14,Stapler,18,31.08,559.51
2023-10-04,1,Printer Paper,48,78.52,3769.09
2023-10-05,6,File Folders,23,26.2,602.56
2023-10-05,8,Stapler,4,38.93,155.74
2023-10-05,6,Ink Cartridges,27,54.43,1469.72
2023-10-05,10,Printer Paper,32,36.8,1177.63
2023-10-05,13,File Folders,2,18.8,37.61
2023-10-06,4,Highlighters,37,62.81,2323.85
2023-10-06,9,Desk Lamp,23,55.7,1281.15
2023-10-06,3,Printer Paper,28,53.63,1501.68
2023-10-06,2,Printer Paper,38,23.44,890.84
2023-10-06,3,Highlighters,7,40.84,285.91
2023-10-07,8,Sticky Notes,48,40.33,1935.63
2023-10-07,9,Notebooks,28,38.54,1079.25
2023-10-08,2,USB Drive,24,74.4,1785.62
2023-10-08,8,Office Chair,30,17.27,518.11
2023-10-08,4,Notebooks,21,32.54,683.24
2023-10-08,9,Desk Lamp,46,92.28,4244.73
2023-10-09,15,Ink Cartridges,7,76.72,537.04
2023-10-09,6,Ink Cartridges,43,88.44,3803.05
2023-10-10,10,Tape Dispenser,20,73.96,1479.28
2023-10-11,9,Notebooks,43,75.28,3237.19
2023-10-11,13,Office Chair,19,51.34,975.5
2023-10-13,11,Notebooks,15,5.03,75.41
2023-10-13,15,Ballpoint Pens,3,92.88,278.63
2023-10-14,15,Office Chair,33,31.25,1031.16
2023-10-14,9,USB Drive,6,11.54,69.24
2023-10-15,6,Sticky Notes,7,82.42,576.96
2023-10-16,13,Ink Cartridges,32,83.28,2665.04
2023-10-16,9,File Folders,11,45.55,501.05
2023-10-16,8,Desk Lamp,39,69.98,2729.4
2023-10-17,15,Stapler,29,17.12,496.53
2023-10-17,14,Ink Cartridges,48,90.03,4321.55
2023-10-17,5,Sticky Notes,38,68.65,2608.65
2023-10-18,11,Printer Paper,46,40.28,1852.93
2023-10-19,13,USB Drive,14,62.89,880.39
2023-10-19,5,Office Chair,25,49.61,1240.18
2023-10-19,11,Sticky Notes,32,41.37,1323.83
2023-10-20,7,Printer Paper,7,86.1,602.73
2023-10-20,4,Sticky Notes,28,35.12,983.25
2023-10-20,9,Desk Lamp,42,45.49,1910.48
2023-10-20,11,Printer Paper,30,59.16,1774.93
2023-10-20,12,Whiteboard,43,69.57,2991.67
2023-10-21,15,Notebooks,44,67.9,2987.56
2023-10-21,11,Ballpoint Pens,35,5.46,191.16
2023-10-21,12,USB Drive,6,48.31,289.87
2023-10-22,11,Printer Paper,47,39.19,1842.08
2023-10-22,6,Office Chair,24,16.3,391.14
2023-10-22,14,Desk Calendar,41,91.39,3747.16
2023-10-23,12,Desk Lamp,49,8.34,408.45
2023-10-23,13,Notebooks,19,79.11,1503.09
2023-10-23,1,Scissors,42,31.06,1304.72
2023-10-23,3,Office Chair,46,22.1,1016.8
2023-10-24,9,Desk Calendar,1,47.28,47.28
2023-10-24,2,Whiteboard,10,68.26,682.63
2023-10-25,4,Stapler,32,16.36,523.37
2023-10-25,1,Whiteboard,23,37.71,867.35
2023-10-25,15,Sticky Notes,9,88.67,798.04
2023-10-25,1,Whiteboard,16,66.46,1063.32
2023-10-25,9,File Folders,44,78.78,3466.13
2023-10-26,10,Scissors,24,8.03,192.79
2023-10-26,4,Scissors,24,17.3,415.11
2023-10-26,1,Highlighters,44,61.33,2698.55
2023-10-27,15,Ballpoint Pens,35,28.11,983.74
2023-10-27,9,File Folders,13,77.54,1007.96
2023-10-28,11,Highlighters,40,55.57,2222.86
2023-10-28,4,Whiteboard,49,46.44,2275.7
2023-10-28,9,Ballpoint Pens,35,39.23,1373.12
2023-10-28,13,Whiteboard,42,42.45,1782.89
2023-10-28,5,Tape Dispenser,31,94.01,2914.36
2023-10-28,4,Tape Dispenser,5,11.57,57.83
2023-10-28,15,Notebooks,24,46.87,1124.85
2023-10-28,9,Whiteboard,18,85.21,1533.78
2023-10-29,5,Desk Lamp,37,50.61,1872.75
2023-10-29,6,Ink Cartridges,32,8.56,274.07
2023-10-31,2,Sticky Notes,45,51.75,2328.9
2023-10-31,1,Scissors,11,24.2,266.23
2023-10-31,15,Desk Lamp,13,33.4,434.19
2023-11-01,12,Office Chair,10,69.47,694.67
2023-11-01,2,Desk Lamp,21,37.27,782.74
2023-11-01,2,Highlighters,24,28.47,683.16
2023-11-01,8,Tape Dispenser,11,16.68,183.46
2023-11-02,9,Sticky Notes,46,16.06,738.82
2023-11-02,15,USB Drive,18,64.88,1167.78
2023-11-02,3,Desk Lamp,30,61.28,1838.39
2023-11-02,2,Sticky Notes,10,89.98,899.8
2023-11-03,5,Sticky Notes,10,22.21,222.15
2023-11-04,10,Ballpoint Pens,17,70.05,1190.93
2023-11-04,1,Notebooks,18,74.42,1339.49
2023-11-05,2,Scissors,40,97.0,3880.18
2023-11-06,12,Highlighters,47,68.32,3210.92
2023-11-06,8,Printer Paper,23,75.47,1735.88
2023-11-07,2,Desk Calendar,49,35.58,1743.63
2023-11-07,8,Desk Calendar,14,59.02,826.34
2023-11-08,2,Stapler,31,50.51,1565.96
2023-11-08,9,Desk Calendar,34,64.61,2196.65
2023-11-08,5,Stapler,35,59.73,2090.54
2023-11-09,3,Printer Paper,41,84.42,3461.39
2023-11-09,2,Tape Dispenser,43,82.27,3537.68
2023-11-09,4,Tape Dispenser,20,69.21,1384.16
2023-11-10,5,Sticky Notes,8,24.68,197.47
2023-11-10,8,Tape Dispenser,33,37.93,1251.74
2023-11-10,12,File Folders,40,83.41,3336.24
2023-11-10,5,Notebooks,28,28.93,810.04
2023-11-10,12,Scissors,5,7.12,35.6
2023-11-11,9,Printer Paper,42,70.06,2942.48
2023-11-13,11,Ballpoint Pens,14,13.17,184.44
2023-11-13,3,Whiteboard,29,82.51,2392.92
2023-11-13,12,USB Drive,41,37.26,1527.61
2023-11-14,9,Scissors,13,31.22,405.86
2023-11-14,1,Tape Dispenser,13,76.77,997.96
2023-11-15,3,Printer Paper,42,93.12,3911.12
2023-11-15,11,Highlighters,32,8.62,275.95
2023-11-15,1,Tape Dispenser,19,30.98,588.7
2023-11-16,1,Stapler,36,96.64,3479.16
2023-11-17,11,Stapler,45,41.3,1858.62
2023-11-18,2,Whiteboard,23,96.45,2218.27
2023-11-18,6,USB Drive,32,61.06,1953.89
2023-11-18,3,Ballpoint Pens,22,94.05,2069.15
2023-11-18,9,Desk Calendar,13,23.7,308.04
2023-11-19,10,Sticky Notes,23,73.12,1681.67
2023-11-20,3,Desk Lamp,31,26.53,822.28
2023-11-21,4,Office Chair,37,79.71,2949.4
2023-11-23,12,Highlighters,2,45.77,91.54
2023-11-23,6,Notebooks,48,62.81,3014.65
2023-11-24,12,Ballpoint Pens,21,16.66,349.94
2023-11-24,13,Office Chair,29,20.55,595.94
2023-11-25,10,USB Drive,24,20.13,483.08
2023-11-25,12,Sticky Notes,10,74.16,741.59
2023-11-25,1,Desk Lamp,28,65.31,1828.7
2023-11-26,12,Scissors,12,12.1,145.22
2023-11-27,13,Highlighters,38,63.42,2409.85
2023-11-28,3,Whiteboard,15,78.53,1177.95
2023-11-28,11,Whiteboard,11,36.43,400.75
2023-11-28,14,Ink Cartridges,37,78.69,2911.67
2023-11-29,7,Scissors,12,33.04,396.46
2023-11-29,2,Whiteboard,14,54.17,758.45
2023-11-29,6,Notebooks,26,87.65,2278.93
2023-11-30,4,Notebooks,40,79.97,3198.81
2023-11-30,14,Stapler,48,49.43,2372.75
2023-11-30,11,Ink Cartridges,25,26.49,662.24
2023-11-30,12,Stapler,18,69.32,1247.7
2023-11-30,2,Sticky Notes,7,79.23,554.62
2023-12-01,4,Whiteboard,10,19.23,192.35
2023-12-01,9,Ink Cartridges,48,11.94,573.01
2023-12-01,5,Highlighters,35,13.64,477.39
2023-12-02,3,Ink Cartridges,25,67.74,1693.42
2023-12-02,2,Ballpoint Pens,5,51.7,258.52
2023-12-04,1,Printer Paper,24,74.88,1797.08
2023-12-05,13,Notebooks,9,54.08,486.74
2023-12-05,15,Ink Cartridges,29,82.66,2397.14
2023-12-05,4,Tape Dispenser,45,53.42,2404.06
2023-12-05,13,Stapler,37,9.14,338.28
2023-12-06,14,Office Chair,6,93.83,563.0
2023-12-06,10,Tape Dispenser,7,97.94,685.6
2023-12-06,9,Desk Lamp,46,49.53,2278.41
2023-12-07,13,Printer Paper,17,43.21,734.62
2023-12-08,5,Tape Dispenser,39,87.1,3396.85
2023-12-08,4,USB Drive,32,65.4,2092.69
2023-12-08,2,File Folders,5,27.68,138.4
2023-12-09,3,Ink Cartridges,6,32.67,196.03
2023-12-09,13,Tape Dispenser,33,82.85,2733.93
2023-12-10,9,Whiteboard,21,7.17,150.66
2023-12-12,5,Ballpoint Pens,7,99.91,699.35
2023-12-13,2,Ballpoint Pens,17,19.99,339.81
2023-12-13,10,Highlighters,28,37.08,1038.11
2023-12-13,15,Office Chair,27,64.07,1730.01
2023-12-13,3,Office Chair,31,25.72,797.45
2023-12-15,2,File Folders,25,41.49,1037.36
2023-12-16,14,Stapler,16,19.1,305.63
2023-12-16,3,Whiteboard,15,82.9,1243.49
2023-12-17,6,Highlighters,44,47.57,2092.94
2023-12-17,1,Notebooks,42,60.18,2527.71
2023-12-17,6,USB Drive,39,50.97,1987.94
2023-12-18,2,Printer Paper,27,97.52,2633.02
2023-12-18,14,Office Chair,7,66.93,468.54
2023-12-19,9,Desk Lamp,13,23.81,309.56
2023-12-19,3,Tape Dispenser,25,63.86,1596.57
2023-12-19,15,Desk Lamp,24,99.72,2393.24
2023-12-19,3,Sticky Notes,15,45.84,687.62
2023-12-20,8,USB Drive,22,44.73,983.98
2023-12-20,4,Sticky Notes,48,5.78,277.21
2023-12-20,8,Desk Calendar,27,49.18,1327.99
2023-12-20,15,USB Drive,16,65.44,1047.09
2023-12-20,10,Ink Cartridges,10,23.22,232.18
2023-12-20,11,File Folders,44,9.94,437.35
2023-12-21,8,Tape Dispenser,37,92.21,3411.78
2023-12-22,7,Tape Dispenser,28,52.05,1457.48
2023-12-22,4,Ballpoint Pens,15,82.52,1237.78
2023-12-22,1,Notebooks,30,97.87,2936.19
2023-12-23,12,Ink Cartridges,39,51.44,2006.28
2023-12-24,5,Notebooks,26,88.68,2305.59
2023-12-24,10,Ink Cartridges,36,59.87,2155.22
2023-12-25,7,Highlighters,5,56.42,282.12
2023-12-26,3,Whiteboard,22,32.59,716.88
2023-12-26,1,Ink Cartridges,9,95.28,857.49
2023-12-26,2,Sticky Notes,20,86.21,1724.29
2023-12-27,4,Office Chair,3,27.0,81.0
2023-12-27,13,File Folders,39,36.58,1426.61
2023-12-29,10,Office Chair,9,25.47,229.22
2023-12-29,1,Desk Lamp,14,61.93,867.05
2023-12-30,4,Stapler,27,37.78,1020.08
2023-12-31,6,Notebooks,27,43.26,1168.15
2023-12-31,9,Desk Lamp,32,10.47,335.01
2023-12-31,6,Office Chair,27,89.29,2410.8
