,event_id,user_id,event_type,product_id,timestamp,amount
0,1,22,click,111,2023-01-01 00:00:00,
1,2,2,add_to_cart,21,2023-01-01 09:46:49,
2,3,79,add_to_cart,363,2023-01-01 11:36:57,
3,4,4,click,75,2023-01-01 13:03:03,
4,5,60,click,77,2023-01-01 13:48:29,
5,6,75,click,346,2023-01-01 17:18:37,
6,7,90,purchase,215,2023-01-02 00:15:14,235.23
7,8,76,click,448,2023-01-02 09:36:50,
8,9,48,purchase,84,2023-01-02 15:06:35,70.68
9,10,35,click,133,2023-01-02 15:08:28,
10,11,35,purchase,470,2023-01-02 23:39:42,174.25
11,12,6,add_to_cart,105,2023-01-03 01:53:17,
12,13,4,click,166,2023-01-03 09:54:39,
13,14,92,add_to_cart,422,2023-01-03 12:01:51,
14,15,42,purchase,165,2023-01-03 14:28:02,112.64
15,16,51,click,446,2023-01-03 22:56:24,
16,17,11,add_to_cart,46,2023-01-03 23:51:16,
17,18,45,click,203,2023-01-04 01:27:32,
18,19,2,purchase,479,2023-01-04 02:00:55,489.8
19,20,54,purchase,1,2023-01-04 09:57:53,300.23
20,21,32,add_to_cart,290,2023-01-04 10:13:15,
21,22,70,purchase,98,2023-01-04 16:15:23,19.26
22,23,16,add_to_cart,198,2023-01-04 21:53:34,
23,24,44,purchase,147,2023-01-05 06:49:06,416.43
24,25,35,purchase,235,2023-01-05 16:31:19,145.22
25,26,23,view,346,2023-01-05 23:49:30,
26,27,67,purchase,141,2023-01-06 03:40:23,307.19
27,28,41,click,136,2023-01-06 06:00:30,
28,29,33,click,363,2023-01-06 15:38:41,
29,30,64,click,383,2023-01-06 15:45:43,
30,31,79,add_to_cart,496,2023-01-06 22:40:50,
31,32,70,purchase,326,2023-01-07 03:09:47,352.79
32,33,76,view,243,2023-01-07 05:34:57,
33,34,46,click,334,2023-01-07 10:09:48,
34,35,92,add_to_cart,185,2023-01-07 13:56:59,
35,36,100,add_to_cart,361,2023-01-07 19:01:33,
36,37,11,click,128,2023-01-07 19:16:24,
37,38,89,click,147,2023-01-08 02:10:18,
38,39,67,click,475,2023-01-08 10:57:39,
39,40,91,add_to_cart,275,2023-01-08 12:51:54,
40,41,57,view,426,2023-01-08 17:35:24,
41,42,15,add_to_cart,69,2023-01-09 01:44:29,
42,43,78,add_to_cart,193,2023-01-09 04:23:25,
43,44,70,click,182,2023-01-09 07:57:32,
44,45,61,view,403,2023-01-09 08:07:44,
45,46,8,add_to_cart,380,2023-01-09 09:25:26,
46,47,5,purchase,125,2023-01-09 18:05:12,315.58
47,48,93,view,42,2023-01-09 20:49:36,
48,49,9,purchase,85,2023-01-10 05:04:55,75.07
49,50,4,purchase,488,2023-01-10 10:35:37,276.82
50,51,35,purchase,406,2023-01-10 13:18:30,380.73
51,52,37,view,50,2023-01-10 13:28:16,
52,53,25,view,260,2023-01-10 15:27:23,
53,54,30,view,60,2023-01-10 22:45:24,
54,55,52,add_to_cart,434,2023-01-10 22:51:48,
55,56,34,view,444,2023-01-11 04:38:09,
56,57,68,add_to_cart,243,2023-01-11 08:10:32,
57,58,84,add_to_cart,376,2023-01-11 13:02:30,
58,59,70,add_to_cart,410,2023-01-11 14:21:54,
59,60,1,click,86,2023-01-11 15:14:43,
60,61,84,view,203,2023-01-11 19:12:05,
61,62,90,view,44,2023-01-12 01:44:10,
62,63,15,click,493,2023-01-12 09:57:59,
63,64,6,add_to_cart,247,2023-01-12 13:38:56,
64,65,48,add_to_cart,314,2023-01-12 20:28:35,
65,66,99,add_to_cart,179,2023-01-13 06:23:19,
66,67,90,view,252,2023-01-13 12:44:30,
67,68,33,add_to_cart,470,2023-01-13 20:57:31,
68,69,28,purchase,111,2023-01-14 03:14:32,359.07
69,70,4,add_to_cart,384,2023-01-14 07:42:17,
70,71,33,purchase,394,2023-01-14 07:51:06,463.92
71,72,2,view,128,2023-01-14 09:13:21,
72,73,90,add_to_cart,358,2023-01-14 15:09:13,
73,74,33,click,297,2023-01-14 15:43:43,
74,75,96,click,369,2023-01-14 17:50:19,
75,76,85,purchase,426,2023-01-14 19:46:13,104.13
76,77,93,add_to_cart,162,2023-01-14 23:12:25,
77,78,28,click,302,2023-01-15 03:17:13,
78,79,31,click,473,2023-01-15 04:01:25,
79,80,24,click,439,2023-01-15 11:31:01,
80,81,15,add_to_cart,13,2023-01-15 12:22:17,
81,82,25,add_to_cart,224,2023-01-15 16:55:29,
82,83,10,purchase,442,2023-01-16 00:57:29,157.17
83,84,36,click,427,2023-01-16 09:00:07,
84,85,87,click,182,2023-01-16 11:35:06,
85,86,57,view,101,2023-01-16 13:50:10,
86,87,52,view,27,2023-01-16 17:16:39,
87,88,72,purchase,128,2023-01-17 01:16:22,187.59
88,89,57,click,157,2023-01-17 10:55:10,
89,90,52,click,245,2023-01-17 15:24:40,
90,91,23,view,85,2023-01-18 00:11:07,
91,92,53,purchase,350,2023-01-18 04:25:26,168.98
92,93,66,add_to_cart,259,2023-01-18 10:07:16,
93,94,43,click,350,2023-01-18 19:57:24,
94,95,88,add_to_cart,421,2023-01-19 04:52:33,
95,96,20,add_to_cart,223,2023-01-19 14:52:28,
96,97,86,purchase,177,2023-01-19 18:23:40,331.0
97,98,68,purchase,338,2023-01-19 18:40:21,57.78
98,99,39,add_to_cart,408,2023-01-19 20:54:47,
99,100,7,view,313,2023-01-20 06:11:37,
100,101,69,add_to_cart,369,2023-01-20 11:27:30,
101,102,52,purchase,201,2023-01-20 15:53:33,159.83
102,103,3,view,58,2023-01-20 19:22:45,
103,104,44,purchase,194,2023-01-21 04:17:06,331.16
104,105,1,view,376,2023-01-21 13:31:51,
105,106,66,click,52,2023-01-21 14:53:13,
106,107,28,add_to_cart,451,2023-01-21 21:35:22,
107,108,42,add_to_cart,68,2023-01-21 22:38:35,
108,109,68,click,494,2023-01-22 05:17:26,
109,110,55,click,76,2023-01-22 14:39:26,
110,111,91,add_to_cart,183,2023-01-22 16:22:30,
111,112,60,purchase,44,2023-01-23 02:11:34,433.45
112,113,29,add_to_cart,313,2023-01-23 03:14:33,
113,114,45,click,360,2023-01-23 06:08:04,
114,115,38,add_to_cart,154,2023-01-23 14:53:06,
115,116,62,purchase,94,2023-01-23 23:45:15,278.08
116,117,89,view,220,2023-01-24 05:41:29,
117,118,2,click,141,2023-01-24 05:52:55,
118,119,15,add_to_cart,355,2023-01-24 13:15:52,
119,120,86,add_to_cart,38,2023-01-24 23:03:12,
120,121,87,purchase,292,2023-01-24 23:57:53,430.26
121,122,79,add_to_cart,481,2023-01-25 00:04:15,
122,123,51,purchase,78,2023-01-25 04:12:57,138.37
123,124,33,add_to_cart,471,2023-01-25 11:55:02,
124,125,60,purchase,60,2023-01-25 18:01:26,84.24
125,126,23,view,153,2023-01-26 01:31:28,
126,127,17,view,246,2023-01-26 04:48:32,
127,128,67,add_to_cart,373,2023-01-26 10:18:07,
128,129,58,view,365,2023-01-26 15:29:16,
129,130,85,click,445,2023-01-26 18:05:17,
130,131,96,click,13,2023-01-26 19:28:53,
131,132,19,add_to_cart,341,2023-01-27 01:59:42,
132,133,40,view,480,2023-01-27 11:04:47,
133,134,73,click,181,2023-01-27 12:31:36,
134,135,83,add_to_cart,482,2023-01-27 22:21:46,
135,136,80,add_to_cart,447,2023-01-28 06:28:49,
136,137,91,purchase,65,2023-01-28 12:29:01,58.49
137,138,45,add_to_cart,455,2023-01-28 15:15:16,
138,139,44,purchase,386,2023-01-28 17:54:57,418.66
139,140,75,view,182,2023-01-29 02:19:26,
140,141,69,purchase,390,2023-01-29 05:48:04,135.92
141,142,55,add_to_cart,207,2023-01-29 11:48:36,
142,143,30,view,280,2023-01-29 15:58:43,
143,144,87,click,39,2023-01-29 16:23:00,
144,145,6,add_to_cart,396,2023-01-30 01:35:53,
145,146,80,click,289,2023-01-30 07:46:24,
146,147,13,purchase,122,2023-01-30 16:49:17,230.91
147,148,99,view,53,2023-01-31 00:59:46,
148,149,42,view,326,2023-01-31 09:27:27,
149,150,95,add_to_cart,293,2023-01-31 13:19:45,
150,151,5,view,209,2023-01-31 15:10:54,
151,152,58,purchase,64,2023-01-31 15:57:41,97.17
152,153,3,view,168,2023-02-01 01:07:49,
153,154,34,purchase,340,2023-02-01 07:09:53,284.88
154,155,34,view,121,2023-02-01 08:49:11,
155,156,87,view,264,2023-02-01 12:40:07,
156,157,38,purchase,26,2023-02-01 19:22:26,158.96
157,158,3,view,482,2023-02-01 19:24:17,
158,159,41,purchase,317,2023-02-02 01:41:50,315.97
159,160,59,purchase,292,2023-02-02 02:10:45,109.49
160,161,59,purchase,466,2023-02-02 07:56:15,128.07
161,162,34,click,156,2023-02-02 08:28:10,
162,163,23,purchase,141,2023-02-02 12:14:03,69.81
163,164,7,click,46,2023-02-02 18:40:18,
164,165,63,purchase,313,2023-02-03 02:17:49,99.36
165,166,64,click,416,2023-02-03 02:31:01,
166,167,92,click,143,2023-02-03 03:15:51,
167,168,32,add_to_cart,125,2023-02-03 09:06:47,
168,169,8,view,163,2023-02-03 15:04:36,
169,170,87,click,80,2023-02-03 22:49:09,
170,171,75,purchase,436,2023-02-04 04:30:44,241.4
171,172,84,view,290,2023-02-04 09:56:20,
172,173,56,view,485,2023-02-04 18:00:11,
173,174,76,click,289,2023-02-05 02:23:58,
174,175,83,click,466,2023-02-05 05:16:52,
175,176,69,add_to_cart,57,2023-02-05 09:45:45,
176,177,77,purchase,236,2023-02-05 11:53:45,361.53
177,178,2,purchase,422,2023-02-05 12:04:17,62.43
178,179,29,view,220,2023-02-05 20:12:06,
179,180,41,view,402,2023-02-05 22:57:13,
180,181,33,add_to_cart,279,2023-02-06 08:49:09,
181,182,38,purchase,451,2023-02-06 18:38:57,40.4
182,183,73,click,187,2023-02-07 02:48:03,
183,184,96,click,107,2023-02-07 03:35:44,
184,185,65,click,431,2023-02-07 12:40:03,
185,186,29,click,265,2023-02-07 14:32:33,
186,187,51,click,309,2023-02-07 15:44:06,
187,188,95,add_to_cart,45,2023-02-07 22:11:04,
188,189,4,add_to_cart,12,2023-02-08 04:04:44,
189,190,70,click,228,2023-02-08 04:42:34,
190,191,22,view,167,2023-02-08 05:02:56,
191,192,18,purchase,41,2023-02-08 07:01:12,304.47
192,193,77,add_to_cart,318,2023-02-08 09:58:42,
193,194,2,click,81,2023-02-08 18:31:24,
194,195,11,click,307,2023-02-08 22:45:55,
195,196,69,add_to_cart,475,2023-02-09 07:33:33,
196,197,49,purchase,229,2023-02-09 14:11:07,251.39
197,198,2,purchase,214,2023-02-09 18:40:34,322.6
198,199,100,view,267,2023-02-10 03:12:55,
199,200,58,click,93,2023-02-10 06:48:47,
200,201,15,purchase,145,2023-02-10 11:59:06,167.27
201,202,51,add_to_cart,389,2023-02-10 21:21:28,
202,203,86,purchase,39,2023-02-11 03:47:24,22.04
203,204,16,click,447,2023-02-11 11:30:47,
204,205,73,view,283,2023-02-11 15:46:54,
205,206,17,purchase,139,2023-02-11 16:33:19,77.24
206,207,21,purchase,465,2023-02-11 17:06:02,221.47
207,208,36,click,106,2023-02-11 20:35:54,
208,209,59,purchase,444,2023-02-12 04:15:13,342.47
209,210,46,add_to_cart,475,2023-02-12 13:38:36,
210,211,7,view,456,2023-02-12 18:44:11,
211,212,30,click,192,2023-02-12 20:21:34,
212,213,40,purchase,30,2023-02-13 03:14:55,439.43
213,214,2,view,268,2023-02-13 04:55:52,
214,215,29,click,388,2023-02-13 05:40:11,
215,216,8,view,323,2023-02-13 11:56:05,
216,217,60,click,412,2023-02-13 15:13:15,
217,218,14,add_to_cart,476,2023-02-13 21:13:57,
218,219,77,click,262,2023-02-13 23:37:48,
219,220,89,click,127,2023-02-14 06:23:48,
220,221,13,click,437,2023-02-14 08:32:57,
221,222,84,view,389,2023-02-14 11:07:12,
222,223,72,click,199,2023-02-14 21:01:05,
223,224,90,view,418,2023-02-15 01:44:01,
224,225,48,click,234,2023-02-15 05:04:36,
225,226,34,view,364,2023-02-15 13:14:53,
226,227,77,click,414,2023-02-15 22:21:53,
227,228,64,view,273,2023-02-16 06:56:42,
228,229,48,purchase,225,2023-02-16 12:40:46,482.61
229,230,27,view,71,2023-02-16 20:18:00,
230,231,55,view,312,2023-02-16 23:02:53,
231,232,66,purchase,438,2023-02-17 08:18:06,336.68
232,233,86,click,424,2023-02-17 11:25:03,
233,234,37,add_to_cart,350,2023-02-17 14:01:40,
234,235,49,add_to_cart,117,2023-02-17 19:50:35,
235,236,80,view,155,2023-02-17 23:05:59,
236,237,100,purchase,355,2023-02-18 07:02:21,28.81
237,238,9,purchase,423,2023-02-18 16:20:15,227.93
238,239,49,click,306,2023-02-18 17:39:02,
239,240,14,add_to_cart,389,2023-02-18 23:07:27,
240,241,17,click,95,2023-02-19 08:49:27,
241,242,59,view,75,2023-02-19 14:27:49,
242,243,42,view,342,2023-02-19 16:51:21,
243,244,95,click,213,2023-02-20 01:24:38,
244,245,89,click,287,2023-02-20 06:26:34,
245,246,95,view,452,2023-02-20 12:56:05,
246,247,87,view,218,2023-02-20 22:09:27,
247,248,2,add_to_cart,441,2023-02-21 00:58:22,
248,249,4,view,500,2023-02-21 07:26:22,
249,250,17,purchase,479,2023-02-21 09:55:05,283.17
250,251,68,click,470,2023-02-21 11:27:15,
251,252,68,view,477,2023-02-21 13:21:25,
252,253,82,purchase,365,2023-02-21 14:11:25,359.89
253,254,83,purchase,43,2023-02-21 17:33:23,466.47
254,255,85,add_to_cart,80,2023-02-22 01:52:03,
255,256,15,click,314,2023-02-22 06:31:56,
256,257,42,click,376,2023-02-22 10:57:53,
257,258,68,click,207,2023-02-22 16:10:35,
258,259,19,add_to_cart,427,2023-02-22 18:30:50,
259,260,77,purchase,476,2023-02-23 02:37:35,180.11
260,261,96,add_to_cart,157,2023-02-23 10:52:12,
261,262,65,purchase,408,2023-02-23 19:47:25,348.65
262,263,31,purchase,459,2023-02-23 23:03:39,295.38
263,264,87,view,351,2023-02-24 02:59:05,
264,265,2,view,403,2023-02-24 08:26:52,
265,266,6,purchase,477,2023-02-24 17:41:15,140.52
266,267,40,view,396,2023-02-25 00:16:18,
267,268,9,add_to_cart,361,2023-02-25 08:26:29,
268,269,12,add_to_cart,439,2023-02-25 18:13:30,
269,270,7,click,10,2023-02-25 19:27:08,
270,271,19,view,218,2023-02-26 01:39:17,
271,272,83,click,25,2023-02-26 05:20:29,
272,273,55,purchase,412,2023-02-26 06:06:53,326.26
273,274,32,add_to_cart,474,2023-02-26 12:50:01,
274,275,2,view,317,2023-02-26 18:41:12,
275,276,3,add_to_cart,442,2023-02-27 03:12:54,
276,277,7,click,223,2023-02-27 07:23:24,
277,278,23,view,261,2023-02-27 16:43:25,
278,279,100,view,256,2023-02-27 17:30:22,
279,280,84,click,478,2023-02-27 20:42:20,
280,281,16,click,208,2023-02-28 04:11:47,
281,282,53,add_to_cart,66,2023-02-28 09:28:06,
282,283,32,click,29,2023-02-28 17:17:04,
283,284,76,add_to_cart,460,2023-02-28 20:43:00,
284,285,42,add_to_cart,249,2023-02-28 23:44:39,
285,286,64,add_to_cart,281,2023-03-01 01:20:44,
286,287,5,add_to_cart,139,2023-03-01 05:57:14,
287,288,38,purchase,243,2023-03-01 15:06:19,438.08
288,289,67,purchase,445,2023-03-01 15:32:44,131.86
289,290,34,view,393,2023-03-01 18:57:37,
290,291,90,click,379,2023-03-01 18:59:37,
291,292,66,click,114,2023-03-01 21:25:59,
292,293,77,click,74,2023-03-02 04:19:16,
293,294,38,add_to_cart,412,2023-03-02 07:05:57,
294,295,6,purchase,252,2023-03-02 13:25:28,125.71
295,296,29,add_to_cart,102,2023-03-02 23:19:02,
296,297,22,purchase,9,2023-03-03 08:37:16,321.42
297,298,52,add_to_cart,263,2023-03-03 09:33:18,
298,299,12,purchase,439,2023-03-03 13:56:04,140.22
299,300,91,purchase,76,2023-03-03 17:42:41,483.13
300,301,48,view,82,2023-03-03 18:11:41,
301,302,15,purchase,225,2023-03-03 20:40:56,449.98
302,303,21,click,349,2023-03-03 20:57:12,
303,304,11,view,346,2023-03-04 05:38:57,
304,305,99,click,279,2023-03-04 13:40:07,
305,306,75,view,227,2023-03-04 20:20:29,
306,307,1,add_to_cart,36,2023-03-05 01:48:11,
307,308,23,view,81,2023-03-05 06:26:09,
308,309,68,view,428,2023-03-05 09:06:47,
309,310,13,add_to_cart,469,2023-03-05 13:49:28,
310,311,88,click,24,2023-03-05 17:07:44,
311,312,25,add_to_cart,159,2023-03-05 19:18:41,
312,313,73,add_to_cart,267,2023-03-05 21:14:16,
313,314,95,add_to_cart,419,2023-03-06 07:06:21,
314,315,19,purchase,67,2023-03-06 12:32:12,265.69
315,316,35,view,200,2023-03-06 17:28:16,
316,317,61,click,128,2023-03-07 00:08:11,
317,318,39,add_to_cart,268,2023-03-07 05:56:24,
318,319,13,purchase,35,2023-03-07 09:21:02,435.02
319,320,19,add_to_cart,324,2023-03-07 12:20:34,
320,321,48,add_to_cart,63,2023-03-07 21:19:39,
321,322,26,purchase,38,2023-03-08 03:22:18,212.74
322,323,44,click,64,2023-03-08 07:54:54,
323,324,57,purchase,319,2023-03-08 10:04:48,88.59
324,325,4,view,464,2023-03-08 19:10:08,
325,326,92,purchase,465,2023-03-08 23:45:56,329.81
326,327,32,purchase,273,2023-03-09 01:17:37,314.28
327,328,97,view,368,2023-03-09 06:21:33,
328,329,77,purchase,214,2023-03-09 11:24:36,416.29
329,330,24,view,346,2023-03-09 18:02:56,
330,331,90,view,410,2023-03-10 00:34:01,
331,332,89,add_to_cart,455,2023-03-10 09:26:58,
332,333,12,add_to_cart,395,2023-03-10 14:27:48,
333,334,70,purchase,428,2023-03-10 20:51:54,288.43
334,335,5,click,262,2023-03-10 22:41:50,
335,336,6,purchase,91,2023-03-11 06:11:01,94.19
336,337,38,purchase,214,2023-03-11 09:24:40,237.21
337,338,69,purchase,397,2023-03-11 18:59:07,148.95
338,339,79,click,408,2023-03-11 19:45:22,
339,340,53,purchase,57,2023-03-11 19:47:06,270.05
340,341,22,add_to_cart,435,2023-03-11 22:48:44,
341,342,51,click,32,2023-03-12 06:15:30,
342,343,51,add_to_cart,258,2023-03-12 10:21:49,
343,344,47,add_to_cart,48,2023-03-12 17:55:30,
344,345,99,click,458,2023-03-12 23:53:30,
345,346,92,view,173,2023-03-13 04:17:35,
346,347,75,add_to_cart,150,2023-03-13 08:49:44,
347,348,13,click,29,2023-03-13 13:44:26,
348,349,32,purchase,328,2023-03-13 23:29:26,194.96
349,350,45,purchase,351,2023-03-14 04:23:13,97.11
350,351,66,click,136,2023-03-14 11:50:50,
351,352,10,click,164,2023-03-14 12:45:46,
352,353,44,click,302,2023-03-14 13:43:11,
353,354,20,add_to_cart,9,2023-03-14 19:23:23,
354,355,1,purchase,337,2023-03-15 00:16:52,27.13
355,356,15,click,39,2023-03-15 01:26:43,
356,357,28,click,89,2023-03-15 01:28:09,
357,358,73,click,465,2023-03-15 07:03:01,
358,359,10,click,481,2023-03-15 16:17:29,
359,360,72,purchase,277,2023-03-15 19:48:16,34.81
360,361,93,view,263,2023-03-15 23:49:32,
361,362,18,click,350,2023-03-16 07:38:53,
362,363,15,view,211,2023-03-16 11:09:15,
363,364,49,view,169,2023-03-16 20:17:22,
364,365,46,purchase,469,2023-03-16 21:23:43,366.76
365,366,36,click,438,2023-03-17 03:53:06,
366,367,44,add_to_cart,176,2023-03-17 04:49:45,
367,368,90,purchase,141,2023-03-17 12:06:33,405.6
368,369,77,click,491,2023-03-17 17:53:52,
369,370,62,click,305,2023-03-17 20:48:42,
370,371,6,add_to_cart,147,2023-03-18 05:03:30,
371,372,43,click,375,2023-03-18 05:46:20,
372,373,28,purchase,352,2023-03-18 06:56:15,118.42
373,374,94,add_to_cart,167,2023-03-18 08:49:37,
374,375,78,purchase,191,2023-03-18 13:43:11,395.03
375,376,28,purchase,404,2023-03-18 19:25:22,377.5
376,377,100,click,312,2023-03-18 22:30:41,
377,378,6,click,257,2023-03-19 08:07:21,
378,379,42,add_to_cart,417,2023-03-19 11:17:08,
379,380,86,click,122,2023-03-19 13:46:29,
380,381,55,add_to_cart,170,2023-03-19 15:38:07,
381,382,4,click,14,2023-03-19 23:36:26,
382,383,74,purchase,276,2023-03-20 06:09:59,97.91
383,384,49,add_to_cart,473,2023-03-20 09:24:00,
384,385,33,purchase,298,2023-03-20 15:22:26,464.71
385,386,12,purchase,224,2023-03-20 22:27:53,197.45
386,387,11,click,207,2023-03-20 22:38:57,
387,388,84,view,37,2023-03-20 23:41:46,
388,389,45,purchase,51,2023-03-21 07:25:26,118.3
389,390,54,add_to_cart,31,2023-03-21 09:01:29,
390,391,42,click,427,2023-03-21 11:50:41,
391,392,75,click,184,2023-03-21 12:21:28,
392,393,98,click,173,2023-03-21 15:58:52,
393,394,74,add_to_cart,470,2023-03-21 20:10:32,
394,395,67,purchase,170,2023-03-22 01:06:59,32.84
395,396,99,view,275,2023-03-22 03:05:48,
396,397,66,add_to_cart,309,2023-03-22 08:53:41,
397,398,90,add_to_cart,118,2023-03-22 13:36:13,
398,399,59,purchase,34,2023-03-22 16:37:49,114.78
399,400,92,click,407,2023-03-23 02:04:48,
400,401,97,purchase,454,2023-03-23 07:53:30,335.12
401,402,60,click,187,2023-03-23 09:18:42,
402,403,78,view,230,2023-03-23 14:32:36,
403,404,17,click,29,2023-03-23 18:00:35,
404,405,80,view,105,2023-03-24 02:39:07,
405,406,59,click,84,2023-03-24 07:04:45,
406,407,33,view,414,2023-03-24 10:06:12,
407,408,53,view,357,2023-03-24 10:47:22,
408,409,29,purchase,232,2023-03-24 13:36:26,368.74
409,410,49,purchase,231,2023-03-24 14:01:53,448.64
410,411,66,add_to_cart,292,2023-03-24 20:57:05,
411,412,25,view,74,2023-03-25 00:32:48,
412,413,33,view,312,2023-03-25 07:04:36,
413,414,46,add_to_cart,216,2023-03-25 10:13:57,
414,415,22,view,71,2023-03-25 14:23:49,
415,416,87,add_to_cart,170,2023-03-25 17:59:48,
416,417,31,purchase,195,2023-03-25 23:56:28,250.5
417,418,73,add_to_cart,333,2023-03-26 06:59:45,
418,419,6,purchase,183,2023-03-26 15:38:59,122.15
419,420,67,click,6,2023-03-26 18:35:11,
420,421,48,view,199,2023-03-26 23:56:07,
421,422,83,click,140,2023-03-27 09:06:21,
422,423,59,purchase,433,2023-03-27 13:11:40,161.4
423,424,44,click,116,2023-03-27 16:09:25,
424,425,59,view,402,2023-03-28 01:59:07,
425,426,39,view,27,2023-03-28 03:28:26,
426,427,81,view,452,2023-03-28 11:34:12,
427,428,58,view,166,2023-03-28 19:18:50,
428,429,85,purchase,164,2023-03-29 04:43:21,458.99
429,430,33,purchase,35,2023-03-29 14:15:16,387.84
430,431,42,click,28,2023-03-29 22:43:54,
431,432,59,view,495,2023-03-30 01:26:56,
432,433,81,add_to_cart,36,2023-03-30 07:23:42,
433,434,56,purchase,208,2023-03-30 08:22:52,244.19
434,435,33,click,207,2023-03-30 10:56:05,
435,436,92,add_to_cart,61,2023-03-30 16:13:08,
436,437,83,purchase,54,2023-03-30 23:06:05,75.24
437,438,39,add_to_cart,126,2023-03-31 09:00:57,
438,439,51,purchase,465,2023-03-31 14:54:49,436.78
439,440,10,view,367,2023-03-31 20:59:10,
440,441,27,purchase,3,2023-04-01 04:04:18,47.33
441,442,69,click,259,2023-04-01 04:49:00,
442,443,53,purchase,76,2023-04-01 09:34:55,391.69
443,444,5,add_to_cart,28,2023-04-01 14:29:35,
444,445,10,purchase,208,2023-04-01 21:37:28,305.06
445,446,78,view,171,2023-04-01 23:42:30,
446,447,47,view,170,2023-04-02 04:16:27,
447,448,1,click,367,2023-04-02 04:57:03,
448,449,79,purchase,112,2023-04-02 11:39:41,168.55
449,450,77,click,48,2023-04-02 21:17:32,
450,451,100,add_to_cart,96,2023-04-02 23:56:36,
451,452,48,purchase,240,2023-04-03 06:46:56,415.8
452,453,87,add_to_cart,488,2023-04-03 12:29:24,
453,454,75,add_to_cart,353,2023-04-03 14:58:28,
454,455,12,view,234,2023-04-03 17:50:48,
455,456,24,view,437,2023-04-04 00:42:35,
456,457,43,add_to_cart,278,2023-04-04 09:09:55,
457,458,87,add_to_cart,203,2023-04-04 18:48:10,
458,459,53,purchase,417,2023-04-05 04:28:47,330.11
459,460,91,view,481,2023-04-05 04:37:39,
460,461,83,add_to_cart,327,2023-04-05 08:20:00,
461,462,96,purchase,307,2023-04-05 10:32:59,129.78
462,463,76,purchase,143,2023-04-05 19:22:49,289.98
463,464,26,view,225,2023-04-05 21:36:27,
464,465,40,click,249,2023-04-06 02:22:07,
465,466,63,view,201,2023-04-06 09:37:33,
466,467,93,click,484,2023-04-06 12:39:22,
467,468,77,click,4,2023-04-06 15:30:32,
468,469,17,click,95,2023-04-06 21:21:33,
469,470,24,view,378,2023-04-06 22:05:54,
470,471,96,purchase,165,2023-04-07 08:03:04,475.45
471,472,81,purchase,39,2023-04-07 12:28:48,320.11
472,473,99,view,322,2023-04-07 20:05:39,
473,474,87,purchase,243,2023-04-08 04:57:51,369.62
474,475,35,click,355,2023-04-08 07:18:20,
475,476,71,add_to_cart,370,2023-04-08 12:27:29,
476,477,58,purchase,462,2023-04-08 19:07:47,226.62
477,478,29,click,398,2023-04-09 01:23:54,
478,479,58,view,212,2023-04-09 07:15:04,
479,480,2,purchase,205,2023-04-09 17:12:55,20.82
480,481,16,view,216,2023-04-09 19:28:05,
481,482,82,add_to_cart,317,2023-04-09 20:49:21,
482,483,79,view,203,2023-04-10 05:17:00,
483,484,77,add_to_cart,384,2023-04-10 10:42:21,
484,485,97,purchase,188,2023-04-10 13:33:38,69.92
485,486,69,add_to_cart,160,2023-04-10 16:51:59,
486,487,83,purchase,449,2023-04-10 23:22:08,153.32
487,488,50,view,59,2023-04-11 06:24:40,
488,489,14,add_to_cart,389,2023-04-11 13:58:02,
489,490,1,add_to_cart,236,2023-04-11 22:21:55,
490,491,8,view,296,2023-04-12 03:14:36,
491,492,21,purchase,248,2023-04-12 10:28:18,128.7
492,493,57,click,128,2023-04-12 11:16:37,
493,494,56,click,421,2023-04-12 17:33:42,
494,495,68,click,370,2023-04-12 18:57:39,
495,496,21,purchase,244,2023-04-13 01:10:54,250.96
496,497,79,add_to_cart,352,2023-04-13 08:26:40,
497,498,55,purchase,164,2023-04-13 11:20:22,257.08
498,499,3,click,220,2023-04-13 13:29:35,
499,500,52,click,259,2023-04-13 22:05:08,
500,501,76,view,280,2023-04-14 00:58:13,
501,502,59,purchase,182,2023-04-14 08:52:01,48.39
502,503,65,view,81,2023-04-14 16:40:57,
503,504,96,add_to_cart,493,2023-04-14 23:47:22,
504,505,30,purchase,97,2023-04-14 23:55:22,335.76
505,506,76,click,43,2023-04-15 06:17:54,
506,507,48,click,337,2023-04-15 14:11:14,
507,508,43,purchase,71,2023-04-15 17:08:03,217.68
508,509,51,purchase,273,2023-04-15 20:08:14,96.18
509,510,9,purchase,249,2023-04-16 04:08:13,271.9
510,511,44,click,354,2023-04-16 04:55:43,
511,512,32,view,312,2023-04-16 10:58:11,
512,513,29,view,95,2023-04-16 16:00:08,
513,514,26,click,421,2023-04-17 01:19:52,
514,515,62,add_to_cart,402,2023-04-17 06:54:21,
515,516,82,click,472,2023-04-17 14:12:33,
516,517,49,add_to_cart,75,2023-04-17 21:46:20,
517,518,59,view,448,2023-04-18 01:50:18,
518,519,31,purchase,345,2023-04-18 11:11:21,200.23
519,520,90,view,16,2023-04-18 20:21:48,
520,521,8,add_to_cart,429,2023-04-19 02:22:19,
521,522,44,purchase,30,2023-04-19 11:16:24,352.57
522,523,85,view,16,2023-04-19 14:57:19,
523,524,19,view,367,2023-04-19 20:52:36,
524,525,17,view,410,2023-04-20 05:19:11,
525,526,19,purchase,70,2023-04-20 12:13:01,479.66
526,527,66,view,14,2023-04-20 20:51:09,
527,528,97,click,44,2023-04-21 03:31:12,
528,529,38,view,437,2023-04-21 04:12:33,
529,530,40,add_to_cart,312,2023-04-21 06:40:05,
530,531,80,purchase,298,2023-04-21 14:45:54,114.26
531,532,35,click,251,2023-04-21 18:14:24,
532,533,44,click,443,2023-04-22 03:18:06,
533,534,9,add_to_cart,67,2023-04-22 10:24:38,
534,535,71,add_to_cart,352,2023-04-22 15:26:40,
535,536,62,add_to_cart,461,2023-04-22 23:22:50,
536,537,96,purchase,207,2023-04-23 06:02:55,333.57
537,538,55,purchase,204,2023-04-23 09:53:39,488.99
538,539,97,purchase,462,2023-04-23 12:46:03,119.0
539,540,63,click,284,2023-04-23 19:47:29,
540,541,14,click,300,2023-04-23 20:24:44,
541,542,48,view,344,2023-04-24 01:50:31,
542,543,23,click,479,2023-04-24 03:57:06,
543,544,99,purchase,493,2023-04-24 10:32:50,345.14
544,545,99,add_to_cart,359,2023-04-24 17:23:35,
545,546,66,click,108,2023-04-24 22:16:40,
546,547,62,view,361,2023-04-25 00:56:55,
547,548,6,purchase,172,2023-04-25 05:41:10,471.09
548,549,86,purchase,386,2023-04-25 13:27:32,152.12
549,550,74,add_to_cart,83,2023-04-25 23:00:03,
550,551,19,purchase,170,2023-04-26 07:54:09,332.33
551,552,70,purchase,139,2023-04-26 10:07:16,132.32
552,553,97,add_to_cart,459,2023-04-26 18:06:46,
553,554,73,purchase,323,2023-04-26 21:05:18,267.68
554,555,51,view,110,2023-04-27 01:43:37,
555,556,87,purchase,34,2023-04-27 06:58:30,63.06
556,557,47,click,166,2023-04-27 07:47:29,
557,558,80,purchase,14,2023-04-27 17:35:05,494.37
558,559,97,purchase,388,2023-04-28 00:08:53,220.36
559,560,96,add_to_cart,388,2023-04-28 05:54:27,
560,561,52,click,353,2023-04-28 11:45:35,
561,562,70,view,191,2023-04-28 21:28:30,
562,563,80,click,78,2023-04-29 06:17:04,
563,564,20,add_to_cart,305,2023-04-29 07:50:48,
564,565,21,purchase,112,2023-04-29 12:03:09,430.16
565,566,49,add_to_cart,376,2023-04-29 18:01:50,
566,567,14,purchase,453,2023-04-29 20:45:48,123.38
567,568,38,view,497,2023-04-30 03:13:49,
568,569,20,add_to_cart,115,2023-04-30 05:05:46,
569,570,41,view,322,2023-04-30 11:26:54,
570,571,46,add_to_cart,56,2023-04-30 18:58:36,
571,572,82,view,386,2023-04-30 19:29:35,
572,573,61,view,338,2023-05-01 01:15:41,
573,574,21,view,32,2023-05-01 09:52:08,
574,575,14,add_to_cart,141,2023-05-01 17:01:06,
575,576,71,click,162,2023-05-01 23:12:07,
576,577,51,add_to_cart,487,2023-05-02 04:21:08,
577,578,95,purchase,63,2023-05-02 06:09:26,293.74
578,579,39,add_to_cart,1,2023-05-02 11:18:36,
579,580,57,purchase,419,2023-05-02 12:34:33,342.89
580,581,59,purchase,267,2023-05-02 18:51:10,251.73
581,582,91,add_to_cart,242,2023-05-02 22:11:59,
582,583,99,add_to_cart,233,2023-05-03 05:29:55,
583,584,10,click,182,2023-05-03 14:37:59,
584,585,31,purchase,486,2023-05-03 16:25:36,215.69
585,586,100,view,278,2023-05-03 19:32:44,
586,587,94,add_to_cart,441,2023-05-03 21:40:33,
587,588,45,click,426,2023-05-04 07:01:31,
588,589,30,view,42,2023-05-04 08:39:12,
589,590,65,add_to_cart,333,2023-05-04 15:15:21,
590,591,49,view,301,2023-05-04 22:24:14,
591,592,99,click,8,2023-05-05 06:53:25,
592,593,96,view,232,2023-05-05 13:47:33,
593,594,20,view,115,2023-05-05 17:11:20,
594,595,82,view,264,2023-05-06 01:33:56,
595,596,60,add_to_cart,430,2023-05-06 06:19:12,
596,597,33,add_to_cart,224,2023-05-06 14:29:22,
597,598,29,purchase,254,2023-05-06 21:10:49,436.68
598,599,33,add_to_cart,82,2023-05-07 01:13:04,
599,600,43,add_to_cart,401,2023-05-07 05:57:07,
600,601,25,add_to_cart,318,2023-05-07 12:48:10,
601,602,63,view,364,2023-05-07 20:15:08,
602,603,2,view,321,2023-05-08 05:06:55,
603,604,14,purchase,263,2023-05-08 05:13:22,98.28
604,605,40,purchase,188,2023-05-08 12:36:52,395.77
605,606,56,view,467,2023-05-08 19:08:27,
606,607,91,purchase,443,2023-05-08 21:55:34,234.45
607,608,73,add_to_cart,296,2023-05-09 07:23:20,
608,609,5,click,202,2023-05-09 16:31:26,
609,610,34,add_to_cart,29,2023-05-09 17:46:51,
610,611,35,view,197,2023-05-10 01:09:34,
611,612,10,add_to_cart,65,2023-05-10 07:52:20,
612,613,8,view,106,2023-05-10 16:14:05,
613,614,88,purchase,465,2023-05-10 16:26:03,221.22
614,615,11,add_to_cart,341,2023-05-10 20:12:11,
615,616,43,view,457,2023-05-11 03:44:33,
616,617,3,add_to_cart,426,2023-05-11 05:46:00,
617,618,24,click,303,2023-05-11 13:14:02,
618,619,95,click,350,2023-05-11 19:24:38,
619,620,35,purchase,468,2023-05-12 03:45:39,344.83
620,621,4,purchase,491,2023-05-12 04:58:35,317.0
621,622,42,view,411,2023-05-12 12:46:22,
622,623,58,add_to_cart,215,2023-05-12 16:53:03,
623,624,39,purchase,236,2023-05-12 22:28:49,234.93
624,625,32,view,325,2023-05-13 01:53:03,
625,626,37,purchase,89,2023-05-13 04:32:24,138.39
626,627,91,click,362,2023-05-13 08:12:41,
627,628,14,purchase,12,2023-05-13 13:27:32,20.02
628,629,23,add_to_cart,428,2023-05-13 22:39:33,
629,630,73,click,347,2023-05-14 01:42:03,
630,631,96,purchase,176,2023-05-14 03:01:36,153.15
631,632,70,add_to_cart,253,2023-05-14 07:34:31,
632,633,12,view,417,2023-05-14 11:07:24,
633,634,5,click,374,2023-05-14 16:00:26,
634,635,5,click,242,2023-05-14 16:29:26,
635,636,37,view,483,2023-05-14 22:20:06,
636,637,28,click,275,2023-05-15 06:31:33,
637,638,38,click,216,2023-05-15 10:14:55,
638,639,92,click,268,2023-05-15 16:06:33,
639,640,42,click,394,2023-05-15 22:56:52,
640,641,80,click,164,2023-05-16 01:45:03,
641,642,100,click,329,2023-05-16 05:36:46,
642,643,8,add_to_cart,41,2023-05-16 08:07:13,
643,644,11,add_to_cart,68,2023-05-16 09:37:24,
644,645,60,view,417,2023-05-16 10:07:29,
645,646,19,purchase,295,2023-05-16 18:29:51,192.51
646,647,51,click,109,2023-05-17 04:15:45,
647,648,58,purchase,120,2023-05-17 13:54:53,286.95
648,649,25,click,263,2023-05-17 20:20:23,
649,650,62,click,127,2023-05-17 22:39:06,
650,651,91,view,53,2023-05-17 23:59:02,
651,652,80,click,113,2023-05-18 02:18:28,
652,653,91,add_to_cart,323,2023-05-18 10:00:01,
653,654,96,add_to_cart,395,2023-05-18 18:11:54,
654,655,28,click,29,2023-05-18 18:29:58,
655,656,27,purchase,183,2023-05-18 23:50:32,255.17
656,657,24,add_to_cart,266,2023-05-19 06:57:08,
657,658,45,purchase,138,2023-05-19 07:04:21,186.89
658,659,49,click,412,2023-05-19 09:23:54,
659,660,41,view,264,2023-05-19 17:52:36,
660,661,90,view,207,2023-05-19 19:34:09,
661,662,78,purchase,329,2023-05-20 03:26:46,494.62
662,663,89,view,38,2023-05-20 04:52:26,
663,664,19,view,102,2023-05-20 11:11:44,
664,665,46,click,22,2023-05-20 20:57:53,
665,666,60,add_to_cart,91,2023-05-21 06:05:05,
666,667,15,add_to_cart,246,2023-05-21 06:59:10,
667,668,52,view,397,2023-05-21 10:41:00,
668,669,65,add_to_cart,283,2023-05-21 13:28:31,
669,670,42,view,400,2023-05-21 19:25:29,
670,671,10,view,7,2023-05-22 04:49:14,
671,672,66,click,474,2023-05-22 12:26:50,
672,673,54,view,81,2023-05-22 14:41:09,
673,674,4,click,416,2023-05-22 23:52:27,
674,675,49,purchase,245,2023-05-23 09:03:06,141.16
675,676,42,click,105,2023-05-23 14:26:34,
676,677,58,purchase,41,2023-05-23 22:49:32,252.16
677,678,4,add_to_cart,300,2023-05-24 04:35:48,
678,679,77,click,368,2023-05-24 08:10:48,
679,680,19,click,149,2023-05-24 18:06:16,
680,681,34,purchase,359,2023-05-24 21:13:42,432.16
681,682,97,click,60,2023-05-24 23:28:47,
682,683,15,view,137,2023-05-25 06:00:00,
683,684,42,click,293,2023-05-25 12:07:53,
684,685,41,view,107,2023-05-25 16:54:03,
685,686,33,view,163,2023-05-26 01:14:42,
686,687,35,click,221,2023-05-26 02:58:32,
687,688,2,add_to_cart,344,2023-05-26 04:41:42,
688,689,27,add_to_cart,187,2023-05-26 09:15:19,
689,690,24,view,325,2023-05-26 12:47:09,
690,691,29,view,461,2023-05-26 17:19:54,
691,692,49,view,415,2023-05-26 19:23:36,
692,693,50,view,357,2023-05-27 05:00:20,
693,694,73,add_to_cart,44,2023-05-27 07:30:52,
694,695,57,click,135,2023-05-27 14:16:30,
695,696,25,view,302,2023-05-27 23:25:35,
696,697,48,click,270,2023-05-28 05:43:50,
697,698,48,click,53,2023-05-28 09:16:35,
698,699,43,purchase,97,2023-05-28 10:49:59,199.93
699,700,88,view,191,2023-05-28 16:09:47,
700,701,63,add_to_cart,217,2023-05-28 21:55:48,
701,702,34,purchase,412,2023-05-29 02:22:09,99.06
702,703,19,click,376,2023-05-29 02:41:20,
703,704,73,view,269,2023-05-29 10:55:03,
704,705,24,click,269,2023-05-29 15:32:07,
705,706,57,click,113,2023-05-29 22:50:48,
706,707,30,add_to_cart,495,2023-05-30 07:39:11,
707,708,61,view,416,2023-05-30 07:45:39,
708,709,6,purchase,127,2023-05-30 09:29:06,432.93
709,710,26,add_to_cart,306,2023-05-30 18:49:16,
710,711,46,click,157,2023-05-30 22:54:55,
711,712,92,add_to_cart,116,2023-05-31 08:52:05,
712,713,89,add_to_cart,293,2023-05-31 10:26:54,
713,714,48,add_to_cart,167,2023-05-31 11:03:43,
714,715,30,purchase,219,2023-05-31 14:58:58,444.83
715,716,68,add_to_cart,242,2023-05-31 19:05:33,
716,717,93,view,368,2023-05-31 20:18:14,
717,718,44,add_to_cart,233,2023-06-01 00:25:09,
718,719,66,click,421,2023-06-01 09:25:39,
719,720,91,add_to_cart,389,2023-06-01 15:11:00,
720,721,38,click,69,2023-06-01 22:02:25,
721,722,69,add_to_cart,320,2023-06-01 22:19:32,
722,723,10,add_to_cart,340,2023-06-02 01:51:21,
723,724,18,click,395,2023-06-02 11:37:39,
724,725,89,purchase,325,2023-06-02 18:35:02,294.63
725,726,86,view,176,2023-06-03 00:11:15,
726,727,78,click,123,2023-06-03 06:05:01,
727,728,37,click,37,2023-06-03 11:51:12,
728,729,99,click,222,2023-06-03 13:43:19,
729,730,28,view,117,2023-06-03 19:41:18,
730,731,7,add_to_cart,184,2023-06-04 03:14:56,
731,732,65,view,375,2023-06-04 06:31:30,
732,733,20,view,184,2023-06-04 12:42:03,
733,734,76,add_to_cart,462,2023-06-04 22:04:55,
734,735,31,purchase,437,2023-06-04 22:19:05,495.5
735,736,76,purchase,151,2023-06-05 07:33:24,296.41
736,737,31,add_to_cart,87,2023-06-05 12:18:23,
737,738,46,view,2,2023-06-05 20:35:31,
738,739,100,add_to_cart,433,2023-06-05 22:19:50,
739,740,28,view,464,2023-06-06 04:46:43,
740,741,33,purchase,401,2023-06-06 07:06:12,108.75
741,742,13,view,56,2023-06-06 15:13:21,
742,743,55,view,196,2023-06-06 17:08:32,
743,744,14,click,389,2023-06-07 02:32:33,
744,745,42,view,92,2023-06-07 11:25:38,
745,746,94,add_to_cart,165,2023-06-07 11:41:56,
746,747,94,purchase,79,2023-06-07 18:59:11,280.04
747,748,3,add_to_cart,296,2023-06-07 23:44:24,
748,749,98,purchase,197,2023-06-08 07:57:54,387.74
749,750,71,click,407,2023-06-08 17:10:46,
750,751,53,click,197,2023-06-09 01:42:18,
751,752,51,purchase,34,2023-06-09 11:22:47,75.28
752,753,95,view,96,2023-06-09 14:57:55,
753,754,58,purchase,272,2023-06-09 19:34:24,290.14
754,755,10,click,51,2023-06-09 20:13:34,
755,756,12,view,287,2023-06-09 20:40:46,
756,757,3,purchase,287,2023-06-09 21:02:18,233.79
757,758,34,click,393,2023-06-09 21:44:03,
758,759,92,purchase,434,2023-06-10 06:04:44,327.29
759,760,85,purchase,258,2023-06-10 11:20:56,475.82
760,761,8,add_to_cart,21,2023-06-10 17:06:06,
761,762,31,click,349,2023-06-10 19:39:43,
762,763,25,purchase,244,2023-06-10 21:48:04,146.57
763,764,70,click,347,2023-06-11 03:57:40,
764,765,68,add_to_cart,441,2023-06-11 10:46:54,
765,766,11,purchase,359,2023-06-11 18:07:05,369.13
766,767,28,add_to_cart,449,2023-06-11 20:03:13,
767,768,11,view,49,2023-06-12 01:21:48,
768,769,87,purchase,5,2023-06-12 10:10:19,253.59
769,770,9,purchase,230,2023-06-12 18:34:26,344.77
770,771,66,add_to_cart,359,2023-06-12 20:48:40,
771,772,53,click,395,2023-06-13 02:10:38,
772,773,85,click,85,2023-06-13 10:31:04,
773,774,86,purchase,88,2023-06-13 18:41:22,307.06
774,775,81,view,493,2023-06-14 02:39:18,
775,776,95,view,460,2023-06-14 03:18:59,
776,777,11,purchase,134,2023-06-14 12:28:59,26.29
777,778,9,view,4,2023-06-14 16:15:55,
778,779,56,view,381,2023-06-15 00:22:48,
779,780,84,click,475,2023-06-15 06:14:58,
780,781,21,view,19,2023-06-15 09:06:01,
781,782,81,add_to_cart,121,2023-06-15 18:15:37,
782,783,29,add_to_cart,493,2023-06-15 20:34:03,
783,784,97,view,290,2023-06-15 22:57:02,
784,785,60,view,41,2023-06-16 02:25:35,
785,786,42,view,238,2023-06-16 09:23:49,
786,787,69,purchase,92,2023-06-16 16:03:48,255.09
787,788,1,click,314,2023-06-16 19:50:26,
788,789,69,click,470,2023-06-17 04:36:02,
789,790,1,purchase,347,2023-06-17 06:24:54,279.38
790,791,17,purchase,229,2023-06-17 15:49:11,92.56
791,792,13,add_to_cart,7,2023-06-17 15:58:52,
792,793,5,add_to_cart,409,2023-06-17 17:14:47,
793,794,49,add_to_cart,278,2023-06-17 18:30:10,
794,795,89,add_to_cart,383,2023-06-18 00:24:18,
795,796,36,purchase,93,2023-06-18 02:48:40,259.98
796,797,24,click,470,2023-06-18 04:59:07,
797,798,4,purchase,30,2023-06-18 06:40:44,225.34
798,799,11,add_to_cart,18,2023-06-18 11:54:07,
799,800,59,click,139,2023-06-18 17:39:14,
800,801,52,purchase,139,2023-06-18 19:00:28,421.02
801,802,64,purchase,398,2023-06-18 22:31:11,110.68
802,803,32,purchase,67,2023-06-19 07:38:12,60.9
803,804,11,click,418,2023-06-19 15:39:22,
804,805,38,purchase,166,2023-06-19 20:02:08,464.19
805,806,76,purchase,156,2023-06-19 22:31:56,72.51
806,807,14,add_to_cart,488,2023-06-20 00:58:43,
807,808,66,view,344,2023-06-20 04:18:36,
808,809,1,add_to_cart,496,2023-06-20 06:43:07,
809,810,93,add_to_cart,188,2023-06-20 16:05:19,
810,811,67,view,227,2023-06-20 16:57:55,
811,812,65,add_to_cart,29,2023-06-21 02:46:18,
812,813,37,click,429,2023-06-21 08:27:57,
813,814,5,click,462,2023-06-21 08:54:32,
814,815,27,purchase,233,2023-06-21 10:36:55,440.9
815,816,91,add_to_cart,128,2023-06-21 16:34:50,
816,817,67,add_to_cart,39,2023-06-21 19:38:59,
817,818,63,click,154,2023-06-21 23:55:15,
818,819,65,purchase,143,2023-06-22 01:57:34,449.04
819,820,5,purchase,132,2023-06-22 10:02:35,333.83
820,821,74,add_to_cart,411,2023-06-22 19:22:27,
821,822,15,purchase,220,2023-06-23 01:50:42,98.56
822,823,77,click,375,2023-06-23 06:47:18,
823,824,78,add_to_cart,165,2023-06-23 14:00:13,
824,825,52,purchase,179,2023-06-23 21:11:49,251.22
825,826,88,view,403,2023-06-23 22:12:13,
826,827,60,add_to_cart,177,2023-06-24 01:47:59,
827,828,19,add_to_cart,368,2023-06-24 10:12:20,
828,829,48,add_to_cart,187,2023-06-24 13:14:12,
829,830,27,view,354,2023-06-24 19:55:44,
830,831,89,add_to_cart,426,2023-06-25 02:15:23,
831,832,81,click,54,2023-06-25 07:09:28,
832,833,49,click,34,2023-06-25 11:04:20,
833,834,6,purchase,128,2023-06-25 14:07:50,137.52
834,835,72,view,142,2023-06-25 14:40:40,
835,836,72,click,428,2023-06-25 18:39:03,
836,837,89,add_to_cart,423,2023-06-26 03:09:57,
837,838,3,purchase,264,2023-06-26 04:56:35,241.71
838,839,87,add_to_cart,6,2023-06-26 09:44:43,
839,840,70,view,84,2023-06-26 10:22:01,
840,841,43,view,13,2023-06-26 10:43:53,
841,842,4,purchase,70,2023-06-26 14:34:17,49.38
842,843,76,click,43,2023-06-26 19:39:32,
843,844,72,purchase,397,2023-06-27 02:29:13,407.29
844,845,48,click,23,2023-06-27 03:40:09,
845,846,95,click,37,2023-06-27 06:18:48,
846,847,25,purchase,495,2023-06-27 09:42:29,309.31
847,848,7,purchase,203,2023-06-27 14:15:46,106.84
848,849,35,click,37,2023-06-27 22:03:14,
849,850,24,purchase,137,2023-06-28 05:04:04,342.36
850,851,83,add_to_cart,345,2023-06-28 12:12:16,
851,852,34,purchase,323,2023-06-28 15:40:46,452.3
852,853,80,add_to_cart,421,2023-06-28 18:35:28,
853,854,50,add_to_cart,133,2023-06-29 01:47:54,
854,855,11,click,313,2023-06-29 04:17:57,
855,856,13,purchase,183,2023-06-29 11:23:15,474.93
856,857,80,view,437,2023-06-29 12:43:05,
857,858,52,add_to_cart,107,2023-06-29 17:41:13,
858,859,59,add_to_cart,164,2023-06-29 22:52:53,
859,860,10,add_to_cart,495,2023-06-30 08:47:32,
860,861,50,purchase,157,2023-06-30 14:46:15,108.63
861,862,29,purchase,231,2023-06-30 17:39:14,37.18
862,863,68,purchase,211,2023-07-01 01:51:03,452.73
863,864,13,purchase,84,2023-07-01 11:41:53,206.95
864,865,23,view,116,2023-07-01 14:42:11,
865,866,25,click,405,2023-07-01 23:35:03,
866,867,86,view,490,2023-07-02 07:30:44,
867,868,5,view,345,2023-07-02 08:03:22,
868,869,3,view,288,2023-07-02 11:19:27,
869,870,60,purchase,299,2023-07-02 16:50:17,122.03
870,871,42,purchase,138,2023-07-02 20:36:36,255.73
871,872,47,click,205,2023-07-03 02:29:20,
872,873,100,click,209,2023-07-03 04:29:49,
873,874,8,view,305,2023-07-03 04:58:55,
874,875,74,click,203,2023-07-03 13:56:47,
875,876,21,add_to_cart,369,2023-07-03 20:09:23,
876,877,4,add_to_cart,60,2023-07-04 02:50:42,
877,878,13,click,313,2023-07-04 08:29:31,
878,879,99,view,324,2023-07-04 13:55:25,
879,880,95,click,444,2023-07-04 14:31:03,
880,881,48,purchase,135,2023-07-04 19:18:18,80.01
881,882,43,view,443,2023-07-05 00:06:05,
882,883,93,view,388,2023-07-05 09:50:46,
883,884,95,view,203,2023-07-05 10:05:57,
884,885,3,purchase,133,2023-07-05 11:52:19,44.13
885,886,43,click,363,2023-07-05 20:04:46,
886,887,7,purchase,147,2023-07-05 22:19:35,198.93
887,888,64,view,188,2023-07-06 07:22:24,
888,889,20,purchase,283,2023-07-06 15:15:21,171.11
889,890,67,view,203,2023-07-06 21:00:09,
890,891,67,purchase,7,2023-07-06 21:06:16,242.26
891,892,89,purchase,282,2023-07-07 02:59:36,219.58
892,893,2,view,230,2023-07-07 10:34:01,
893,894,62,click,369,2023-07-07 11:38:46,
894,895,62,add_to_cart,86,2023-07-07 16:52:28,
895,896,77,view,241,2023-07-08 02:00:49,
896,897,72,view,179,2023-07-08 04:07:25,
897,898,22,click,309,2023-07-08 13:06:29,
898,899,92,view,49,2023-07-08 19:58:49,
899,900,15,add_to_cart,363,2023-07-09 01:53:56,
900,901,89,click,312,2023-07-09 04:05:22,
901,902,25,view,132,2023-07-09 11:19:44,
902,903,87,add_to_cart,240,2023-07-09 17:16:11,
903,904,11,click,291,2023-07-09 19:36:00,
904,905,39,view,102,2023-07-10 00:39:57,
905,906,40,add_to_cart,277,2023-07-10 08:48:25,
906,907,29,click,135,2023-07-10 14:46:20,
907,908,70,view,238,2023-07-11 00:29:33,
908,909,70,click,378,2023-07-11 01:31:41,
909,910,15,view,326,2023-07-11 06:43:13,
910,911,1,add_to_cart,384,2023-07-11 09:05:18,
911,912,25,view,380,2023-07-11 16:57:31,
912,913,54,view,262,2023-07-12 01:24:41,
913,914,7,view,485,2023-07-12 05:33:09,
914,915,48,add_to_cart,460,2023-07-12 13:31:47,
915,916,62,view,394,2023-07-12 13:33:57,
916,917,7,view,106,2023-07-12 15:23:13,
917,918,50,click,206,2023-07-12 21:08:15,
918,919,15,click,48,2023-07-13 05:46:19,
919,920,63,view,311,2023-07-13 12:40:22,
920,921,31,add_to_cart,495,2023-07-13 19:55:56,
921,922,22,click,319,2023-07-13 22:07:12,
922,923,93,view,380,2023-07-14 04:34:33,
923,924,71,click,56,2023-07-14 12:44:56,
924,925,62,click,197,2023-07-14 15:54:27,
925,926,25,view,176,2023-07-14 19:37:48,
926,927,53,click,363,2023-07-14 20:23:52,
927,928,33,add_to_cart,152,2023-07-15 00:33:00,
928,929,25,click,228,2023-07-15 03:46:43,
929,930,26,add_to_cart,209,2023-07-15 05:20:12,
930,931,61,purchase,313,2023-07-15 07:26:37,40.38
931,932,63,view,342,2023-07-15 08:39:07,
932,933,68,view,260,2023-07-15 12:32:13,
933,934,1,click,438,2023-07-15 20:09:48,
934,935,83,add_to_cart,204,2023-07-15 23:26:35,
935,936,17,add_to_cart,494,2023-07-16 02:37:34,
936,937,54,purchase,270,2023-07-16 09:57:57,121.33
937,938,86,view,72,2023-07-16 14:34:16,
938,939,95,view,348,2023-07-16 15:21:43,
939,940,1,click,15,2023-07-16 21:20:59,
940,941,68,purchase,461,2023-07-17 02:20:42,388.16
941,942,90,add_to_cart,375,2023-07-17 07:45:24,
942,943,43,add_to_cart,29,2023-07-17 08:55:45,
943,944,47,click,180,2023-07-17 17:45:19,
944,945,23,add_to_cart,73,2023-07-17 22:31:25,
945,946,88,purchase,352,2023-07-17 23:24:55,406.94
946,947,82,purchase,213,2023-07-18 01:04:27,83.56
947,948,37,purchase,143,2023-07-18 09:40:18,323.7
948,949,94,click,329,2023-07-18 14:20:11,
949,950,16,add_to_cart,444,2023-07-18 17:52:29,
950,951,14,click,477,2023-07-18 19:45:47,
951,952,17,add_to_cart,455,2023-07-18 22:36:39,
952,953,74,add_to_cart,348,2023-07-19 02:00:09,
953,954,14,add_to_cart,262,2023-07-19 10:10:01,
954,955,24,click,363,2023-07-19 15:54:11,
955,956,42,view,254,2023-07-19 22:35:35,
956,957,26,view,288,2023-07-20 01:38:50,
957,958,100,add_to_cart,450,2023-07-20 06:50:25,
958,959,77,purchase,331,2023-07-20 12:07:03,343.5
959,960,10,add_to_cart,465,2023-07-20 16:54:22,
960,961,4,click,314,2023-07-21 01:57:17,
961,962,49,purchase,35,2023-07-21 11:14:12,239.07
962,963,100,add_to_cart,466,2023-07-21 17:53:03,
963,964,97,purchase,338,2023-07-22 00:27:39,302.86
964,965,58,view,350,2023-07-22 05:35:09,
965,966,32,add_to_cart,136,2023-07-22 10:00:21,
966,967,59,click,69,2023-07-22 17:36:21,
967,968,68,add_to_cart,186,2023-07-23 02:11:09,
968,969,83,purchase,281,2023-07-23 05:54:56,426.61
969,970,64,click,131,2023-07-23 10:26:32,
970,971,81,purchase,30,2023-07-23 18:33:37,445.71
971,972,42,purchase,437,2023-07-24 00:22:24,270.96
972,973,29,view,179,2023-07-24 05:51:20,
973,974,99,add_to_cart,119,2023-07-24 12:42:19,
974,975,93,click,150,2023-07-24 19:28:17,
975,976,13,purchase,384,2023-07-24 22:01:54,458.39
976,977,37,add_to_cart,490,2023-07-25 01:31:23,
977,978,66,click,333,2023-07-25 09:35:14,
978,979,62,purchase,164,2023-07-25 15:33:57,207.85
979,980,5,add_to_cart,139,2023-07-25 20:30:34,
980,981,83,view,394,2023-07-26 00:16:16,
981,982,80,add_to_cart,442,2023-07-26 05:34:02,
982,983,34,add_to_cart,240,2023-07-26 08:52:04,
983,984,38,purchase,434,2023-07-26 17:57:14,62.32
984,985,41,click,392,2023-07-26 20:25:19,
985,986,76,click,74,2023-07-27 06:13:52,
986,987,53,purchase,63,2023-07-27 16:03:58,278.75
987,988,27,purchase,241,2023-07-27 23:11:27,373.43
988,989,91,click,266,2023-07-28 00:20:10,
989,990,12,purchase,4,2023-07-28 09:16:34,356.72
990,991,75,purchase,277,2023-07-28 13:57:07,366.92
991,992,74,click,89,2023-07-28 17:47:11,
992,993,45,purchase,53,2023-07-28 23:52:38,122.05
993,994,70,view,173,2023-07-29 09:44:25,
994,995,69,click,198,2023-07-29 17:55:49,
995,996,96,purchase,203,2023-07-29 21:33:08,249.11
996,997,20,view,417,2023-07-30 03:06:35,
997,998,21,add_to_cart,239,2023-07-30 05:59:47,
998,999,92,add_to_cart,421,2023-07-30 15:47:27,
999,1000,55,add_to_cart,481,2023-07-30 17:54:51,
1000,1001,33,view,339,2023-07-31 01:40:54,
1001,1002,19,view,53,2023-07-31 03:33:13,
1002,1003,82,view,208,2023-07-31 09:44:48,
1003,1004,35,click,299,2023-07-31 12:30:27,
1004,1005,26,add_to_cart,282,2023-07-31 16:45:56,
1005,1006,50,add_to_cart,351,2023-07-31 22:02:21,
1006,1007,93,click,260,2023-08-01 07:31:50,
1007,1008,32,add_to_cart,304,2023-08-01 15:10:26,
1008,1009,83,add_to_cart,173,2023-08-02 00:13:11,
1009,1010,50,click,67,2023-08-02 09:36:43,
1010,1011,100,click,500,2023-08-02 12:48:45,
1011,1012,27,click,196,2023-08-02 15:14:46,
1012,1013,89,view,435,2023-08-02 22:10:59,
1013,1014,51,purchase,415,2023-08-02 22:50:12,88.23
1014,1015,4,view,108,2023-08-03 03:28:18,
1015,1016,24,add_to_cart,22,2023-08-03 11:52:19,
1016,1017,98,purchase,263,2023-08-03 15:50:19,397.64
1017,1018,66,add_to_cart,231,2023-08-03 21:34:59,
1018,1019,54,add_to_cart,409,2023-08-04 04:15:22,
1019,1020,75,click,324,2023-08-04 06:57:21,
1020,1021,57,view,87,2023-08-04 14:03:27,
1021,1022,34,purchase,473,2023-08-04 17:44:22,296.17
1022,1023,8,view,55,2023-08-04 23:31:58,
1023,1024,42,purchase,53,2023-08-05 08:54:14,175.66
1024,1025,42,view,410,2023-08-05 15:15:22,
1025,1026,87,view,41,2023-08-05 15:51:56,
1026,1027,31,view,160,2023-08-05 20:47:32,
1027,1028,37,purchase,277,2023-08-05 23:15:31,307.69
1028,1029,66,view,489,2023-08-06 04:32:50,
1029,1030,8,add_to_cart,24,2023-08-06 13:21:36,
1030,1031,40,purchase,160,2023-08-06 13:39:13,440.13
1031,1032,9,view,143,2023-08-06 20:07:01,
1032,1033,99,add_to_cart,141,2023-08-06 22:02:31,
1033,1034,19,add_to_cart,91,2023-08-06 23:55:06,
1034,1035,93,view,199,2023-08-07 03:53:53,
1035,1036,46,purchase,27,2023-08-07 10:32:47,55.62
1036,1037,42,view,461,2023-08-07 15:08:39,
1037,1038,68,click,426,2023-08-07 16:41:10,
1038,1039,26,view,39,2023-08-07 23:11:52,
1039,1040,53,view,96,2023-08-08 08:59:08,
1040,1041,37,click,165,2023-08-08 09:30:33,
1041,1042,22,click,100,2023-08-08 17:14:01,
1042,1043,36,view,353,2023-08-09 02:22:25,
1043,1044,89,add_to_cart,223,2023-08-09 08:29:15,
1044,1045,55,purchase,348,2023-08-09 18:00:27,154.24
1045,1046,21,purchase,382,2023-08-09 23:45:36,397.86
1046,1047,81,purchase,140,2023-08-10 05:26:52,138.7
1047,1048,48,purchase,207,2023-08-10 10:08:33,253.57
1048,1049,90,purchase,29,2023-08-10 15:31:09,413.97
1049,1050,78,purchase,14,2023-08-10 15:32:26,120.27
1050,1051,23,purchase,384,2023-08-11 00:59:24,334.33
1051,1052,50,view,262,2023-08-11 06:09:16,
1052,1053,37,click,28,2023-08-11 15:42:15,
1053,1054,30,view,107,2023-08-11 22:32:11,
1054,1055,58,add_to_cart,412,2023-08-12 00:20:34,
1055,1056,74,click,299,2023-08-12 05:31:46,
1056,1057,73,add_to_cart,64,2023-08-12 12:07:01,
1057,1058,14,click,72,2023-08-12 12:25:50,
1058,1059,28,add_to_cart,360,2023-08-12 16:28:26,
1059,1060,14,click,328,2023-08-13 02:04:24,
1060,1061,74,view,395,2023-08-13 02:12:52,
1061,1062,50,click,354,2023-08-13 08:33:14,
1062,1063,91,click,44,2023-08-13 18:05:58,
1063,1064,18,add_to_cart,47,2023-08-13 21:47:38,
1064,1065,85,click,110,2023-08-14 03:50:22,
1065,1066,74,view,247,2023-08-14 09:24:43,
1066,1067,36,view,182,2023-08-14 11:05:56,
1067,1068,53,purchase,81,2023-08-14 12:58:10,34.53
1068,1069,80,view,452,2023-08-14 16:02:21,
1069,1070,92,purchase,413,2023-08-14 22:58:55,27.48
1070,1071,39,purchase,414,2023-08-15 06:11:20,478.2
1071,1072,83,click,77,2023-08-15 16:10:39,
1072,1073,35,add_to_cart,325,2023-08-16 01:01:41,
1073,1074,29,view,416,2023-08-16 06:54:25,
1074,1075,37,click,148,2023-08-16 08:06:33,
1075,1076,89,view,411,2023-08-16 17:43:35,
1076,1077,90,add_to_cart,369,2023-08-17 00:56:57,
1077,1078,41,view,121,2023-08-17 09:05:27,
1078,1079,78,purchase,66,2023-08-17 12:09:16,31.95
1079,1080,7,click,112,2023-08-17 18:26:34,
1080,1081,84,click,282,2023-08-18 02:24:35,
1081,1082,32,purchase,500,2023-08-18 06:24:51,17.54
1082,1083,26,view,378,2023-08-18 08:12:53,
1083,1084,38,purchase,171,2023-08-18 16:37:40,57.39
1084,1085,33,click,164,2023-08-18 18:26:35,
1085,1086,96,purchase,185,2023-08-19 00:41:59,352.78
1086,1087,64,purchase,112,2023-08-19 10:03:33,256.34
1087,1088,32,click,463,2023-08-19 18:52:31,
1088,1089,61,view,245,2023-08-20 02:57:24,
1089,1090,78,click,156,2023-08-20 09:50:54,
1090,1091,55,view,54,2023-08-20 19:24:54,
1091,1092,31,purchase,237,2023-08-20 23:07:36,105.54
1092,1093,86,purchase,259,2023-08-21 08:33:07,195.5
1093,1094,34,add_to_cart,454,2023-08-21 16:36:39,
1094,1095,3,click,223,2023-08-22 00:43:47,
1095,1096,18,click,315,2023-08-22 09:33:49,
1096,1097,84,view,231,2023-08-22 19:03:08,
1097,1098,30,purchase,43,2023-08-23 03:45:43,366.94
1098,1099,29,purchase,442,2023-08-23 07:25:11,65.52
1099,1100,95,view,491,2023-08-23 10:08:53,
1100,1101,100,add_to_cart,136,2023-08-23 16:25:37,
1101,1102,64,click,34,2023-08-23 23:30:22,
1102,1103,50,click,334,2023-08-24 04:14:31,
1103,1104,51,add_to_cart,153,2023-08-24 13:27:51,
1104,1105,32,purchase,324,2023-08-24 21:09:31,41.54
1105,1106,11,add_to_cart,13,2023-08-25 01:10:38,
1106,1107,55,add_to_cart,485,2023-08-25 01:52:39,
1107,1108,66,purchase,183,2023-08-25 05:20:38,68.39
1108,1109,42,purchase,363,2023-08-25 09:02:12,499.63
1109,1110,29,purchase,48,2023-08-25 11:44:42,465.83
1110,1111,75,add_to_cart,97,2023-08-25 16:06:37,
1111,1112,67,view,182,2023-08-25 21:49:38,
1112,1113,48,click,19,2023-08-25 23:07:41,
1113,1114,81,add_to_cart,469,2023-08-26 06:18:53,
1114,1115,36,purchase,412,2023-08-26 14:40:31,114.27
1115,1116,7,click,429,2023-08-26 16:03:57,
1116,1117,51,add_to_cart,259,2023-08-26 19:30:04,
1117,1118,32,add_to_cart,441,2023-08-26 19:57:02,
1118,1119,24,view,88,2023-08-27 04:02:23,
1119,1120,8,purchase,3,2023-08-27 09:06:44,68.03
1120,1121,99,view,465,2023-08-27 11:36:57,
1121,1122,47,view,357,2023-08-27 20:19:06,
1122,1123,22,click,450,2023-08-28 05:01:21,
1123,1124,14,purchase,282,2023-08-28 13:44:28,278.21
1124,1125,43,click,14,2023-08-28 16:40:36,
1125,1126,18,purchase,338,2023-08-28 22:20:10,218.53
1126,1127,17,click,83,2023-08-29 01:19:23,
1127,1128,64,click,340,2023-08-29 03:30:59,
1128,1129,75,click,88,2023-08-29 10:46:29,
1129,1130,19,view,216,2023-08-29 11:49:59,
1130,1131,83,click,114,2023-08-29 21:33:38,
1131,1132,43,purchase,354,2023-08-30 06:15:38,347.67
1132,1133,55,click,290,2023-08-30 09:08:57,
1133,1134,53,click,132,2023-08-30 17:03:44,
1134,1135,25,view,455,2023-08-30 19:54:23,
1135,1136,50,add_to_cart,252,2023-08-31 01:40:19,
1136,1137,30,purchase,279,2023-08-31 03:57:05,237.56
1137,1138,62,purchase,377,2023-08-31 07:02:56,101.52
1138,1139,51,view,282,2023-08-31 08:59:17,
1139,1140,35,view,12,2023-08-31 15:29:40,
1140,1141,17,view,116,2023-08-31 21:48:56,
1141,1142,46,purchase,449,2023-09-01 02:38:58,494.16
1142,1143,88,add_to_cart,281,2023-09-01 11:32:43,
1143,1144,44,click,54,2023-09-01 16:58:23,
1144,1145,65,purchase,292,2023-09-01 21:37:36,439.4
1145,1146,40,purchase,131,2023-09-01 22:59:29,367.0
1146,1147,81,purchase,425,2023-09-02 08:43:30,324.74
1147,1148,31,purchase,455,2023-09-02 18:27:57,420.32
1148,1149,11,add_to_cart,268,2023-09-02 23:03:28,
1149,1150,84,view,339,2023-09-03 00:31:55,
1150,1151,82,purchase,294,2023-09-03 03:19:29,289.56
1151,1152,22,add_to_cart,178,2023-09-03 08:43:39,
1152,1153,30,purchase,492,2023-09-03 18:04:31,270.71
1153,1154,93,view,30,2023-09-03 19:08:16,
1154,1155,37,view,206,2023-09-04 02:13:52,
1155,1156,92,purchase,304,2023-09-04 06:12:53,120.55
1156,1157,66,view,317,2023-09-04 08:40:11,
1157,1158,62,click,111,2023-09-04 11:40:01,
1158,1159,54,purchase,219,2023-09-04 16:51:29,89.1
1159,1160,92,purchase,33,2023-09-05 00:52:32,237.74
1160,1161,82,view,209,2023-09-05 08:41:28,
1161,1162,83,purchase,104,2023-09-05 15:14:27,78.05
1162,1163,19,purchase,474,2023-09-05 22:02:07,80.63
1163,1164,94,add_to_cart,349,2023-09-06 00:12:10,
1164,1165,14,view,376,2023-09-06 09:58:15,
1165,1166,75,purchase,390,2023-09-06 15:02:10,134.69
1166,1167,43,click,425,2023-09-06 21:56:23,
1167,1168,50,add_to_cart,106,2023-09-07 05:23:55,
1168,1169,65,click,115,2023-09-07 10:18:30,
1169,1170,80,add_to_cart,292,2023-09-07 12:07:44,
1170,1171,76,click,359,2023-09-07 15:40:23,
1171,1172,71,purchase,122,2023-09-07 23:05:52,337.34
1172,1173,19,purchase,71,2023-09-08 07:08:34,63.52
1173,1174,38,add_to_cart,474,2023-09-08 17:03:25,
1174,1175,73,click,2,2023-09-08 19:07:08,
1175,1176,22,click,411,2023-09-08 20:37:56,
1176,1177,17,add_to_cart,311,2023-09-08 23:33:27,
1177,1178,60,purchase,311,2023-09-09 01:45:30,67.47
1178,1179,35,view,41,2023-09-09 08:10:25,
1179,1180,58,click,59,2023-09-09 13:32:01,
1180,1181,52,click,179,2023-09-09 22:43:49,
1181,1182,7,add_to_cart,6,2023-09-09 23:25:14,
1182,1183,93,view,428,2023-09-10 02:53:15,
1183,1184,62,add_to_cart,137,2023-09-10 12:20:50,
1184,1185,53,add_to_cart,317,2023-09-10 19:39:06,
1185,1186,35,purchase,213,2023-09-11 01:45:42,33.8
1186,1187,59,click,161,2023-09-11 02:37:26,
1187,1188,93,add_to_cart,144,2023-09-11 03:52:38,
1188,1189,80,purchase,324,2023-09-11 03:59:20,408.83
1189,1190,15,purchase,413,2023-09-11 12:54:41,223.15
1190,1191,32,purchase,60,2023-09-11 21:43:55,29.82
1191,1192,5,add_to_cart,346,2023-09-12 00:21:37,
1192,1193,11,click,305,2023-09-12 01:02:59,
1193,1194,86,add_to_cart,223,2023-09-12 09:19:31,
1194,1195,29,view,284,2023-09-12 13:35:32,
1195,1196,24,click,204,2023-09-12 23:06:32,
1196,1197,9,view,69,2023-09-13 03:28:37,
1197,1198,50,purchase,419,2023-09-13 10:53:12,317.56
1198,1199,92,click,146,2023-09-13 13:12:50,
1199,1200,66,view,454,2023-09-13 13:28:41,
1200,1201,89,view,7,2023-09-13 17:21:20,
1201,1202,39,view,90,2023-09-13 23:37:10,
1202,1203,13,purchase,4,2023-09-14 08:07:12,255.24
1203,1204,60,purchase,295,2023-09-14 13:03:36,353.98
1204,1205,27,click,217,2023-09-14 16:02:46,
1205,1206,69,add_to_cart,65,2023-09-14 23:37:00,
1206,1207,17,purchase,29,2023-09-15 04:27:16,470.96
1207,1208,71,add_to_cart,179,2023-09-15 11:23:28,
1208,1209,33,purchase,56,2023-09-15 20:27:28,19.52
1209,1210,94,add_to_cart,193,2023-09-16 01:27:44,
1210,1211,43,view,268,2023-09-16 03:43:23,
1211,1212,4,view,496,2023-09-16 04:48:53,
1212,1213,12,view,457,2023-09-16 06:18:23,
1213,1214,26,click,476,2023-09-16 06:28:12,
1214,1215,13,view,226,2023-09-16 08:01:27,
1215,1216,7,purchase,101,2023-09-16 13:08:20,31.39
1216,1217,99,add_to_cart,256,2023-09-16 22:58:21,
1217,1218,60,purchase,234,2023-09-17 08:10:56,352.89
1218,1219,91,view,423,2023-09-17 17:51:37,
1219,1220,40,purchase,69,2023-09-18 01:34:13,341.34
1220,1221,39,view,156,2023-09-18 05:40:16,
1221,1222,51,click,247,2023-09-18 06:30:53,
1222,1223,17,view,160,2023-09-18 10:24:20,
1223,1224,25,purchase,182,2023-09-18 19:30:59,190.7
1224,1225,65,add_to_cart,358,2023-09-18 22:17:25,
1225,1226,11,purchase,46,2023-09-19 01:13:07,339.59
1226,1227,15,view,398,2023-09-19 08:23:51,
1227,1228,13,view,255,2023-09-19 13:13:33,
1228,1229,21,purchase,145,2023-09-19 14:26:07,411.65
1229,1230,19,click,286,2023-09-19 22:28:11,
1230,1231,30,add_to_cart,387,2023-09-20 05:24:23,
1231,1232,51,add_to_cart,174,2023-09-20 11:18:40,
1232,1233,49,click,56,2023-09-20 18:00:41,
1233,1234,3,view,199,2023-09-21 01:24:22,
1234,1235,32,view,422,2023-09-21 05:01:19,
1235,1236,39,click,59,2023-09-21 09:00:23,
1236,1237,88,add_to_cart,301,2023-09-21 17:57:32,
1237,1238,57,click,88,2023-09-21 18:16:38,
1238,1239,31,add_to_cart,116,2023-09-22 00:44:44,
1239,1240,42,click,155,2023-09-22 09:05:09,
1240,1241,48,add_to_cart,256,2023-09-22 14:12:00,
1241,1242,19,click,230,2023-09-22 17:01:13,
1242,1243,39,click,376,2023-09-23 01:48:03,
1243,1244,10,purchase,48,2023-09-23 04:01:50,109.5
1244,1245,70,add_to_cart,215,2023-09-23 11:33:00,
1245,1246,16,view,22,2023-09-23 11:38:37,
1246,1247,58,purchase,364,2023-09-23 14:58:38,163.63
1247,1248,94,purchase,42,2023-09-23 21:09:03,438.72
1248,1249,68,purchase,66,2023-09-24 05:35:04,472.43
1249,1250,44,click,457,2023-09-24 06:49:27,
1250,1251,60,add_to_cart,32,2023-09-24 07:29:57,
1251,1252,22,add_to_cart,106,2023-09-24 13:24:31,
1252,1253,79,add_to_cart,150,2023-09-24 13:44:30,
1253,1254,17,add_to_cart,353,2023-09-24 23:29:19,
1254,1255,24,purchase,434,2023-09-25 02:27:19,215.63
1255,1256,63,view,234,2023-09-25 03:35:10,
1256,1257,99,view,397,2023-09-25 07:59:26,
1257,1258,88,purchase,343,2023-09-25 08:16:44,48.14
1258,1259,14,click,29,2023-09-25 13:23:03,
1259,1260,30,view,172,2023-09-25 15:36:02,
1260,1261,93,view,179,2023-09-25 16:50:31,
1261,1262,11,add_to_cart,31,2023-09-26 01:48:09,
1262,1263,67,add_to_cart,154,2023-09-26 09:02:26,
1263,1264,85,click,332,2023-09-26 16:40:20,
1264,1265,79,view,78,2023-09-26 23:36:22,
1265,1266,54,purchase,44,2023-09-27 00:28:23,302.22
1266,1267,94,click,380,2023-09-27 01:53:20,
1267,1268,16,click,448,2023-09-27 05:38:44,
1268,1269,60,purchase,38,2023-09-27 13:35:49,479.53
1269,1270,31,view,19,2023-09-27 13:58:05,
1270,1271,46,purchase,188,2023-09-27 22:30:14,75.29
1271,1272,80,add_to_cart,13,2023-09-28 04:24:55,
1272,1273,76,add_to_cart,216,2023-09-28 07:30:48,
1273,1274,68,purchase,401,2023-09-28 13:05:05,146.13
1274,1275,52,add_to_cart,451,2023-09-28 19:46:50,
1275,1276,40,click,376,2023-09-29 01:29:07,
1276,1277,45,click,183,2023-09-29 09:58:21,
1277,1278,23,purchase,195,2023-09-29 13:17:59,295.05
1278,1279,68,click,106,2023-09-29 15:40:43,
1279,1280,81,add_to_cart,77,2023-09-29 16:40:03,
1280,1281,64,purchase,174,2023-09-29 20:06:45,266.67
1281,1282,38,click,405,2023-09-29 21:52:30,
1282,1283,10,click,40,2023-09-30 03:23:46,
1283,1284,78,view,458,2023-09-30 10:04:30,
1284,1285,57,purchase,380,2023-09-30 18:38:06,335.04
1285,1286,26,purchase,324,2023-10-01 01:53:47,54.66
1286,1287,69,click,365,2023-10-01 08:35:42,
1287,1288,66,add_to_cart,449,2023-10-01 18:22:49,
1288,1289,54,click,108,2023-10-01 21:49:13,
1289,1290,69,click,499,2023-10-02 05:52:33,
1290,1291,5,purchase,36,2023-10-02 12:18:52,184.36
1291,1292,65,purchase,222,2023-10-02 21:31:40,327.1
1292,1293,20,view,389,2023-10-03 03:16:03,
1293,1294,32,add_to_cart,375,2023-10-03 08:06:35,
1294,1295,49,view,201,2023-10-03 16:06:35,
1295,1296,91,view,30,2023-10-03 21:30:44,
1296,1297,57,click,350,2023-10-04 03:37:56,
1297,1298,27,add_to_cart,493,2023-10-04 09:12:21,
1298,1299,74,add_to_cart,50,2023-10-04 17:14:10,
1299,1300,24,click,228,2023-10-04 19:39:58,
1300,1301,59,view,52,2023-10-05 01:35:19,
1301,1302,65,view,50,2023-10-05 02:50:46,
1302,1303,14,view,401,2023-10-05 11:48:44,
1303,1304,70,click,120,2023-10-05 15:46:17,
1304,1305,47,add_to_cart,482,2023-10-05 18:28:37,
1305,1306,48,add_to_cart,318,2023-10-06 04:17:57,
1306,1307,90,click,494,2023-10-06 12:23:39,
1307,1308,28,add_to_cart,136,2023-10-06 21:30:44,
1308,1309,23,click,459,2023-10-07 02:38:53,
1309,1310,99,view,361,2023-10-07 08:03:55,
1310,1311,29,click,217,2023-10-07 15:20:12,
1311,1312,59,add_to_cart,84,2023-10-07 16:49:38,
1312,1313,49,add_to_cart,479,2023-10-08 01:44:28,
1313,1314,34,view,139,2023-10-08 03:36:33,
1314,1315,56,add_to_cart,156,2023-10-08 08:49:31,
1315,1316,24,add_to_cart,94,2023-10-08 16:01:30,
1316,1317,34,click,436,2023-10-08 16:32:26,
1317,1318,27,view,500,2023-10-08 19:12:24,
1318,1319,30,add_to_cart,204,2023-10-08 22:10:05,
1319,1320,78,view,311,2023-10-09 00:18:02,
1320,1321,56,add_to_cart,169,2023-10-09 01:39:29,
1321,1322,94,click,181,2023-10-09 11:00:56,
1322,1323,70,purchase,389,2023-10-09 12:44:49,171.68
1323,1324,98,click,234,2023-10-09 22:43:33,
1324,1325,16,purchase,440,2023-10-10 00:38:24,72.11
1325,1326,8,click,65,2023-10-10 08:47:06,
1326,1327,92,click,399,2023-10-10 15:17:22,
1327,1328,43,click,434,2023-10-10 15:45:15,
1328,1329,56,view,433,2023-10-10 21:34:57,
1329,1330,3,view,179,2023-10-11 01:37:18,
1330,1331,15,purchase,66,2023-10-11 03:07:18,315.35
1331,1332,55,purchase,153,2023-10-11 06:06:04,103.5
1332,1333,43,add_to_cart,201,2023-10-11 14:43:32,
1333,1334,44,add_to_cart,308,2023-10-11 21:25:17,
1334,1335,66,click,170,2023-10-12 07:21:50,
1335,1336,87,view,187,2023-10-12 09:35:57,
1336,1337,82,click,472,2023-10-12 14:56:37,
1337,1338,15,click,39,2023-10-12 16:58:48,
1338,1339,63,add_to_cart,56,2023-10-12 20:19:21,
1339,1340,74,view,309,2023-10-13 04:26:26,
1340,1341,78,view,36,2023-10-13 12:00:31,
1341,1342,77,purchase,495,2023-10-13 14:33:42,401.2
1342,1343,20,add_to_cart,383,2023-10-13 21:30:35,
1343,1344,49,add_to_cart,203,2023-10-13 22:31:36,
1344,1345,43,purchase,77,2023-10-13 22:52:34,210.85
1345,1346,66,add_to_cart,51,2023-10-14 04:30:17,
1346,1347,4,click,31,2023-10-14 11:48:48,
1347,1348,23,view,418,2023-10-14 16:57:12,
1348,1349,24,purchase,4,2023-10-14 21:06:32,149.11
1349,1350,54,purchase,429,2023-10-14 23:20:53,57.11
1350,1351,71,purchase,244,2023-10-15 04:34:03,131.36
1351,1352,17,purchase,177,2023-10-15 12:59:14,212.99
1352,1353,8,add_to_cart,482,2023-10-15 20:43:41,
1353,1354,15,purchase,239,2023-10-15 21:28:25,309.88
1354,1355,29,view,31,2023-10-16 03:04:31,
1355,1356,51,add_to_cart,137,2023-10-16 09:40:08,
1356,1357,99,click,84,2023-10-16 16:22:34,
1357,1358,18,view,40,2023-10-17 00:42:42,
1358,1359,63,click,216,2023-10-17 07:44:55,
1359,1360,7,add_to_cart,125,2023-10-17 17:35:41,
1360,1361,18,add_to_cart,319,2023-10-18 02:05:36,
1361,1362,11,click,263,2023-10-18 06:44:11,
1362,1363,88,click,216,2023-10-18 15:31:21,
1363,1364,99,view,57,2023-10-18 18:26:23,
1364,1365,12,add_to_cart,442,2023-10-19 03:23:29,
1365,1366,14,click,251,2023-10-19 10:03:19,
1366,1367,10,view,466,2023-10-19 14:16:31,
1367,1368,72,click,440,2023-10-19 19:46:19,
1368,1369,15,click,303,2023-10-20 02:21:48,
1369,1370,64,view,375,2023-10-20 09:47:47,
1370,1371,49,view,460,2023-10-20 15:52:17,
1371,1372,32,view,75,2023-10-20 16:31:38,
1372,1373,51,purchase,241,2023-10-20 18:17:30,216.87
1373,1374,24,click,197,2023-10-20 19:46:20,
1374,1375,92,view,405,2023-10-20 23:07:31,
1375,1376,66,add_to_cart,15,2023-10-21 04:07:27,
1376,1377,21,view,255,2023-10-21 13:06:06,
1377,1378,17,click,51,2023-10-21 14:16:14,
1378,1379,83,click,71,2023-10-21 19:29:48,
1379,1380,79,view,249,2023-10-21 22:13:33,
1380,1381,73,click,499,2023-10-22 04:44:24,
1381,1382,22,view,256,2023-10-22 13:15:26,
1382,1383,86,purchase,122,2023-10-22 21:53:37,378.9
1383,1384,38,purchase,158,2023-10-22 22:21:43,343.93
1384,1385,93,purchase,210,2023-10-23 02:58:01,456.68
1385,1386,67,add_to_cart,125,2023-10-23 06:06:27,
1386,1387,76,click,4,2023-10-23 07:35:38,
1387,1388,73,add_to_cart,489,2023-10-23 16:27:47,
1388,1389,94,view,270,2023-10-24 01:30:43,
1389,1390,90,add_to_cart,283,2023-10-24 10:52:19,
1390,1391,79,view,170,2023-10-24 16:58:57,
1391,1392,46,add_to_cart,89,2023-10-24 23:58:45,
1392,1393,55,view,99,2023-10-25 03:09:24,
1393,1394,26,view,439,2023-10-25 08:35:47,
1394,1395,50,view,193,2023-10-25 10:36:25,
1395,1396,7,purchase,43,2023-10-25 18:18:25,331.25
1396,1397,31,add_to_cart,453,2023-10-25 18:46:17,
1397,1398,12,add_to_cart,135,2023-10-25 23:45:12,
1398,1399,48,view,230,2023-10-26 07:16:35,
1399,1400,30,click,399,2023-10-26 11:06:30,
1400,1401,42,click,175,2023-10-26 19:14:07,
1401,1402,63,view,295,2023-10-27 03:14:39,
1402,1403,30,view,110,2023-10-27 12:53:25,
1403,1404,8,purchase,331,2023-10-27 19:02:59,74.58
1404,1405,67,purchase,472,2023-10-27 23:36:04,198.41
1405,1406,77,click,303,2023-10-28 03:08:38,
1406,1407,12,add_to_cart,295,2023-10-28 11:21:46,
1407,1408,45,purchase,143,2023-10-28 19:11:57,137.52
1408,1409,77,click,39,2023-10-28 23:39:08,
1409,1410,10,click,207,2023-10-29 08:45:10,
1410,1411,28,purchase,129,2023-10-29 15:28:09,148.31
1411,1412,50,add_to_cart,495,2023-10-29 21:10:56,
1412,1413,85,view,492,2023-10-30 00:55:07,
1413,1414,60,purchase,398,2023-10-30 04:01:14,121.59
1414,1415,80,add_to_cart,498,2023-10-30 11:55:08,
1415,1416,27,purchase,303,2023-10-30 12:28:13,192.08
1416,1417,12,add_to_cart,357,2023-10-30 17:15:28,
1417,1418,37,click,148,2023-10-30 21:22:30,
1418,1419,80,view,439,2023-10-31 04:04:27,
1419,1420,54,view,360,2023-10-31 10:23:05,
1420,1421,84,purchase,80,2023-10-31 12:20:37,143.74
1421,1422,55,click,126,2023-10-31 20:31:57,
1422,1423,71,view,193,2023-10-31 21:54:25,
1423,1424,14,purchase,299,2023-11-01 03:43:48,68.38
1424,1425,84,purchase,173,2023-11-01 13:11:55,179.03
1425,1426,98,add_to_cart,278,2023-11-01 19:34:18,
1426,1427,49,click,416,2023-11-02 02:03:55,
1427,1428,48,purchase,330,2023-11-02 09:18:26,207.25
1428,1429,17,view,275,2023-11-02 09:42:49,
1429,1430,16,purchase,373,2023-11-02 12:03:59,454.93
1430,1431,73,click,116,2023-11-02 21:36:58,
1431,1432,41,purchase,70,2023-11-03 04:31:08,341.76
1432,1433,70,view,17,2023-11-03 06:34:38,
1433,1434,66,click,235,2023-11-03 09:19:07,
1434,1435,34,purchase,392,2023-11-03 16:56:54,366.07
1435,1436,75,view,300,2023-11-03 22:32:27,
1436,1437,25,add_to_cart,29,2023-11-04 02:32:32,
1437,1438,68,click,278,2023-11-04 04:14:20,
1438,1439,91,click,477,2023-11-04 05:33:40,
1439,1440,67,click,336,2023-11-04 08:57:55,
1440,1441,93,purchase,275,2023-11-04 14:38:09,122.77
1441,1442,22,view,269,2023-11-04 21:11:02,
1442,1443,45,view,21,2023-11-05 04:22:03,
1443,1444,77,purchase,375,2023-11-05 04:56:50,14.13
1444,1445,95,add_to_cart,149,2023-11-05 13:03:42,
1445,1446,6,add_to_cart,447,2023-11-05 22:18:08,
1446,1447,69,view,146,2023-11-05 23:54:57,
1447,1448,70,view,445,2023-11-06 09:41:24,
1448,1449,32,view,178,2023-11-06 11:11:25,
1449,1450,61,purchase,283,2023-11-06 17:27:39,384.84
1450,1451,37,purchase,89,2023-11-07 02:56:06,170.83
1451,1452,57,purchase,473,2023-11-07 12:08:00,315.28
1452,1453,79,click,7,2023-11-07 21:59:17,
1453,1454,10,click,229,2023-11-08 07:57:51,
1454,1455,36,add_to_cart,229,2023-11-08 09:32:23,
1455,1456,93,click,131,2023-11-08 17:13:36,
1456,1457,72,click,81,2023-11-08 19:57:41,
1457,1458,42,click,376,2023-11-08 23:23:27,
1458,1459,50,purchase,274,2023-11-09 03:31:57,189.99
1459,1460,12,add_to_cart,258,2023-11-09 11:44:05,
1460,1461,80,click,318,2023-11-09 15:22:03,
1461,1462,38,add_to_cart,122,2023-11-09 19:43:22,
1462,1463,9,view,379,2023-11-09 21:30:05,
1463,1464,84,add_to_cart,437,2023-11-10 04:04:04,
1464,1465,27,add_to_cart,225,2023-11-10 13:08:14,
1465,1466,34,view,303,2023-11-10 17:30:41,
1466,1467,89,add_to_cart,102,2023-11-11 01:08:41,
1467,1468,77,view,448,2023-11-11 06:15:40,
1468,1469,48,purchase,488,2023-11-11 10:38:06,463.32
1469,1470,71,add_to_cart,10,2023-11-11 13:35:01,
1470,1471,92,click,259,2023-11-11 15:46:02,
1471,1472,25,view,252,2023-11-11 16:18:00,
1472,1473,63,purchase,32,2023-11-11 21:26:06,317.18
1473,1474,91,view,463,2023-11-12 01:22:39,
1474,1475,63,view,407,2023-11-12 09:01:52,
1475,1476,61,add_to_cart,8,2023-11-12 10:48:29,
1476,1477,52,add_to_cart,224,2023-11-12 17:57:47,
1477,1478,37,add_to_cart,178,2023-11-12 22:05:52,
1478,1479,55,click,72,2023-11-13 07:15:04,
1479,1480,37,click,245,2023-11-13 17:02:32,
1480,1481,33,click,382,2023-11-13 19:33:09,
1481,1482,15,click,16,2023-11-14 04:56:29,
1482,1483,22,view,120,2023-11-14 07:08:00,
1483,1484,44,add_to_cart,118,2023-11-14 11:07:56,
1484,1485,65,add_to_cart,406,2023-11-14 16:11:24,
1485,1486,84,add_to_cart,495,2023-11-15 00:18:05,
1486,1487,29,view,114,2023-11-15 04:24:27,
1487,1488,8,add_to_cart,276,2023-11-15 04:57:30,
1488,1489,71,purchase,386,2023-11-15 05:35:42,52.56
1489,1490,54,add_to_cart,323,2023-11-15 05:49:23,
1490,1491,93,purchase,298,2023-11-15 10:02:10,492.12
1491,1492,68,view,302,2023-11-15 11:00:32,
1492,1493,50,purchase,429,2023-11-15 15:09:14,184.51
1493,1494,79,view,445,2023-11-15 23:43:38,
1494,1495,83,add_to_cart,413,2023-11-16 03:10:55,
1495,1496,63,purchase,424,2023-11-16 10:19:52,242.97
1496,1497,73,click,205,2023-11-16 13:00:53,
1497,1498,11,purchase,142,2023-11-16 20:33:46,398.24
1498,1499,100,view,218,2023-11-17 00:18:46,
1499,1500,75,add_to_cart,23,2023-11-17 05:02:51,
